"id_processo","data_criacao","valor_estimado","num_movimentacoes","num_anexos","dias_para_deferimento","cliente","tipo_credito"
18325,"2026-02-23 18:11:01",15604.00,6,0,30,CLARO,Desconhecido
18324,"2026-02-19 14:25:30",45000.00,4,0,30,GGF AGRO LTDA,Desconhecido
18323,"2026-02-19 14:24:49",30000.00,7,0,30,GGF AGRO LTDA,Desconhecido
18322,"2026-02-19 14:23:57",8000.00,6,0,30,GGF AGRO LTDA,Desconhecido
18321,"2026-02-19 14:23:26",10000.00,3,0,30,GGF AGRO LTDA,Desconhecido
18320,"2026-02-19 14:22:31",2500.00,5,0,30,GGF AGRO LTDA,Desconhecido
18319,"2026-02-19 14:21:49",15000.00,10,0,30,GGF AGRO LTDA,Desconhecido
18318,"2026-02-19 14:21:13",20000.00,6,0,30,GGF AGRO LTDA,Desconhecido
18317,"2026-02-19 14:20:32",12000.00,7,0,30,GGF AGRO LTDA,Desconhecido
18316,"2026-02-19 14:19:44",15000.00,5,0,30,GGF AGRO LTDA,Desconhecido
18315,"2026-02-19 14:18:54",2000.00,5,0,30,GGF AGRO LTDA,Desconhecido
18314,"2026-02-19 14:18:12",10000.00,7,1,30,GGF AGRO LTDA,Desconhecido
18313,"2026-02-19 14:12:38",2000.00,7,1,30,GGF AGRO LTDA,Desconhecido
18312,"2026-02-19 14:10:17",25000.00,6,1,30,GGF AGRO LTDA,Desconhecido
18311,"2026-02-19 13:51:10",28000.00,7,1,30,GGF AGRO LTDA,Desconhecido
18310,"2026-02-19 13:49:07",7000.00,7,1,30,GGF AGRO LTDA,Desconhecido
18308,"2026-02-08 19:59:06",10000.00,11,2,30,LEGIAO DA BOA VONTADE,Desconhecido
18307,"2026-02-08 19:05:27",20000.00,6,1,30,GGF AGRO LTDA,Desconhecido
18306,"2026-02-08 17:51:21",15000.00,8,2,30,VIA S.A.,Desconhecido
18305,"2026-02-07 21:16:45",10000.00,5,0,30,HOSPITAL ISRAELITA ALBERT EINSTEIN,Desconhecido
18304,"2026-02-07 21:04:38",20000.00,11,1,30,HOSPITAL ISRAELITA ALBERT EINSTEIN,Desconhecido
18303,"2026-02-07 20:19:18",20000.00,7,0,30,GGF AGRO LTDA,Desconhecido
18302,"2026-02-07 20:14:20",25000.00,11,3,30,GGF AGRO LTDA,Desconhecido
18301,"2026-02-07 19:44:13",30000.00,3,0,30,GGF AGRO LTDA,Desconhecido
18300,"2026-02-03 12:54:57",1306184.83,10,0,30,CLARO,Desconhecido
18297,"2026-01-21 21:12:31",200000.00,12,4,30,BP BUNGE,Desconhecido
18291,"2026-01-07 14:38:36",600.00,7,1,30,ASSOCIACAO DE COMPARTILHAMENTO DE ENERGIA RENOVAVEL - ACER,Desconhecido
18290,"2026-01-05 16:49:07",5000.00,7,0,30,LEGIAO DA BOA VONTADE,Desconhecido
18286,"2025-12-23 20:59:23",15000.00,12,0,30,ASSOCIACAO DE COMPARTILHAMENTO DE ENERGIA RENOVAVEL - ACER,Desconhecido
18285,"2025-12-19 13:28:25",0.00,8,0,30,JPNR NEGOCIOS CORPORATIVOS LTDA,Desconhecido
18284,"2025-12-18 18:08:22",50000.00,11,0,30,ASSOCIACAO DE COMPARTILHAMENTO DE ENERGIA RENOVAVEL - ACER,Desconhecido
18283,"2025-12-17 14:54:50",40000.00,11,1,47,VIA S.A.,Desconhecido
18278,"2025-12-11 12:52:46",35000.00,5,1,30,BP BUNGE,Desconhecido
18277,"2025-12-02 12:52:46",25000.00,8,1,30,GGF AGRO LTDA,Desconhecido
18276,"2025-11-25 20:55:32",30000.00,14,4,35,ABRAO REZE COMERCIO DE VEICULOS LTDA,Desconhecido
18265,"2025-11-24 20:11:13",5000.00,5,1,30,VIA S.A.,Desconhecido
18258,"2025-11-13 18:04:37",42000.00,10,4,30,BP BUNGE,Desconhecido
18255,"2025-11-07 12:49:56",80000.00,16,1,-16,BP BUNGE,Simples
18254,"2025-11-06 17:21:44",42000.00,9,2,30,BP BUNGE,Desconhecido
18253,"2025-11-06 17:16:04",42000.00,17,2,32,BP BUNGE,Simples
18252,"2025-11-06 13:32:46",40000.00,17,1,102,EVEN CONSTRUTORA,Desconhecido
18251,"2025-11-06 12:12:32",45000.00,9,1,30,EVEN CONSTRUTORA,Desconhecido
18245,"2025-10-13 00:00:00",30000.00,11,0,30,PEDRO AFONSO ACUCAR E BIOENERGIA S.A.,Desconhecido
18246,"2025-10-13 00:00:00",80000.00,5,0,30,PEDRO AFONSO ACUCAR E BIOENERGIA S.A.,Desconhecido
18247,"2025-10-13 00:00:00",300000.00,7,0,30,PEDRO AFONSO ACUCAR E BIOENERGIA S.A.,Desconhecido
18248,"2025-10-13 00:00:00",80000.00,15,1,9,PEDRO AFONSO ACUCAR E BIOENERGIA S.A.,Simples
18244,"2025-10-10 00:00:00",18000.00,18,1,6,GGF AGRO LTDA,Simples
18243,"2025-10-07 00:00:00",180000.00,9,0,30,GGF AGRO LTDA,Desconhecido
18242,"2025-09-30 00:00:00",4000.00,6,0,30,VIA S.A.,Desconhecido
18241,"2025-09-26 00:00:00",10000.00,10,0,30,VIA S.A.,Desconhecido
18240,"2025-09-25 00:00:00",15000.00,8,0,30,OI,Desconhecido
16324,"2025-09-15 00:00:00",20000.00,8,0,30,GGF AGRO LTDA,Desconhecido
18235,"2025-09-09 00:00:00",0.00,6,0,30,PREFEITURA DE TERESINA,Desconhecido
18236,"2025-09-09 00:00:00",0.00,14,0,30,PREFEITURA DE TERESINA,Desconhecido
18237,"2025-09-09 00:00:00",0.00,10,0,30,PREFEITURA DE TERESINA,Desconhecido
18238,"2025-09-09 00:00:00",0.00,8,0,30,Fernando Magalhães,Desconhecido
18234,"2025-09-03 00:00:00",307824.41,40,0,-191,OI,Simples
18233,"2025-08-29 00:00:00",750000.00,14,0,30,THOPEN,Desconhecido
18232,"2025-08-06 00:00:00",0.00,5,0,30,ZILDO LINO,Desconhecido
18230,"2025-08-04 00:00:00",0.00,7,0,30,VIA S.A.,Desconhecido
18231,"2025-08-04 00:00:00",0.00,7,0,30,FRANQUEADOS MCDONALDS,Desconhecido
18228,"2025-07-29 00:00:00",0.00,11,0,30,VIA S.A.,Desconhecido
18229,"2025-07-29 00:00:00",0.00,8,0,30,HAPVIDA ASSISTENCIA MEDICA S.A.,Desconhecido
17667,"2025-07-24 10:47:27",0.00,14,0,111,ACER,Simples
18226,"2025-07-23 09:25:14",1941.75,9,0,30,REAL ALIMENTOS LTDA,Desconhecido
18225,"2025-07-22 00:00:00",2000.00,11,1,30,SER EDUCACIONAL S.A.,Desconhecido
18224,"2025-07-21 17:26:18",37086.08,8,0,30,LEGIAO DA BOA VONTADE,Desconhecido
18223,"2025-06-26 00:00:00",7500.00,12,0,30,COYOTE ALIMENTACAO LTDA,Desconhecido
17665,"2025-06-10 00:00:00",0.00,7,1,30,VIA S.A.,Desconhecido
18222,"2025-06-10 00:00:00",0.00,5,0,30,FRANQUEADOS MCDONALDS,Desconhecido
18220,"2025-06-09 00:00:00",0.00,7,0,30,BEVERDE EMPREENDIMENTOS,Desconhecido
18218,"2025-05-15 00:00:00",0.00,6,0,30,VIA S.A.,Desconhecido
18219,"2025-05-15 00:00:00",0.00,10,0,30,VIA S.A.,Desconhecido
18217,"2025-05-13 00:00:00",0.00,6,0,30,VULCABRAS,Desconhecido
18216,"2025-05-12 00:00:00",0.00,6,0,30,VIA S.A.,Desconhecido
18213,"2025-05-09 00:00:00",0.00,5,0,30,VIA S.A.,Desconhecido
18214,"2025-05-09 00:00:00",0.00,5,0,30,VIA S.A.,Desconhecido
18215,"2025-05-09 00:00:00",0.00,17,0,30,VIA S.A.,Desconhecido
18212,"2025-05-05 00:00:00",0.00,8,0,30,VIA S.A.,Desconhecido
18211,"2025-05-02 00:00:00",86087.00,5,0,30,TIM S.A.,Desconhecido
18210,"2025-04-30 00:00:00",0.00,7,0,30,COYOTE ALIMENTACAO LTDA,Desconhecido
18209,"2025-04-28 11:41:57",0.00,9,0,30,GGF AGRO LTDA,Desconhecido
18208,"2025-04-25 18:14:39",0.00,12,0,30,GGF AGRO LTDA,Desconhecido
18207,"2025-04-23 17:18:24",0.00,5,0,30,VIA S.A.,Desconhecido
18206,"2025-04-23 17:10:59",0.00,5,0,30,VIA S.A.,Desconhecido
18205,"2025-04-23 14:36:03",0.00,11,0,30,GGF AGRO LTDA,Desconhecido
18204,"2025-04-23 11:35:05",0.00,5,0,30,VIA S.A.,Desconhecido
18203,"2025-04-23 11:12:10",0.00,5,0,30,OI,Desconhecido
18202,"2025-04-16 00:00:00",2061.00,9,0,30,OI,Desconhecido
18201,"2025-04-15 14:54:51",0.00,5,0,30,VIA S.A.,Desconhecido
18200,"2025-04-15 13:06:14",0.00,6,0,30,VIA S.A.,Desconhecido
18199,"2025-04-15 11:37:17",0.00,5,0,30,VIA S.A.,Desconhecido
17256,"2025-04-10 19:06:21",0.00,7,0,30,PONTAL ENERGY,Desconhecido
18197,"2025-04-09 12:04:13",0.00,5,0,30,GGF AGRO LTDA,Desconhecido
16366,"2025-04-09 12:00:33",0.00,12,0,30,VIA S.A.,Desconhecido
18195,"2025-04-03 17:41:13",0.00,8,0,30,VIA S.A.,Desconhecido
18194,"2025-04-01 10:15:44",0.00,15,0,30,VIA S.A.,Desconhecido
18193,"2025-03-25 13:52:11",0.00,9,0,30,VIA S.A.,Desconhecido
18192,"2025-03-21 10:52:55",0.00,5,0,30,HOSPITAL ISRAELITA ALBERT EINSTEIN,Desconhecido
18191,"2025-03-18 17:02:32",14008.00,8,0,30,TIM S.A.,Desconhecido
18190,"2025-03-12 09:38:22",0.00,11,0,30,VIA S.A.,Desconhecido
18189,"2025-03-11 12:25:39",9.94,6,0,30,CLARO,Desconhecido
18188,"2025-03-11 12:14:48",2204.90,8,0,30,CLARO,Desconhecido
18187,"2025-03-11 10:27:09",0.00,18,0,150,VIA S.A.,Desconhecido
18186,"2025-03-07 13:37:54",0.00,13,0,30,VIA S.A.,Desconhecido
18185,"2025-02-28 16:23:43",0.00,13,0,257,VIA S.A.,Simples
18184,"2025-02-28 16:01:00",0.00,9,0,30,VIA S.A.,Desconhecido
18183,"2025-02-28 15:43:20",0.00,5,0,30,VIA S.A.,Desconhecido
18182,"2025-02-28 09:07:50",1000.00,17,0,244,VIA S.A.,Simples
18181,"2025-02-28 00:00:00",180000.00,8,0,30,OI,Desconhecido
18180,"2025-02-26 17:28:27",0.00,5,0,30,VIA S.A.,Desconhecido
18239,"2025-02-26 10:50:28",0.00,7,0,30,VIA S.A.,Desconhecido
18178,"2025-02-26 10:44:38",0.00,10,0,30,LEGIAO DA BOA VONTADE,Desconhecido
17980,"2025-02-26 10:42:10",0.00,9,0,30,LEGIAO DA BOA VONTADE,Desconhecido
18176,"2025-02-24 16:03:25",25000.00,12,0,30,VIA S.A.,Desconhecido
18175,"2025-02-24 12:23:54",135.00,5,0,30,OI,Desconhecido
18174,"2025-02-19 17:37:30",0.00,5,0,30,VIA S.A.,Desconhecido
18173,"2025-02-11 00:00:00",1000.00,9,0,30,VIA S.A.,Desconhecido
18172,"2025-02-03 00:00:00",0.00,10,0,30,VIA S.A.,Desconhecido
18171,"2025-01-30 00:00:00",0.00,7,0,30,ABRAO REZE COMERCIO DE VEICULOS LTDA,Desconhecido
18170,"2025-01-23 09:41:06",0.00,40,0,46,COYOTE ALIMENTACAO LTDA,Simples
18020,"2025-01-22 00:00:00",0.00,14,0,30,VIA S.A.,Desconhecido
18157,"2025-01-22 00:00:00",0.00,15,0,30,VIA S.A.,Desconhecido
18158,"2025-01-22 00:00:00",0.00,14,0,30,VIA S.A.,Desconhecido
18159,"2025-01-22 00:00:00",0.00,15,0,30,VIA S.A.,Desconhecido
18160,"2025-01-22 00:00:00",0.00,11,0,30,VIA S.A.,Desconhecido
18161,"2025-01-22 00:00:00",0.00,12,0,30,VIA S.A.,Desconhecido
18162,"2025-01-22 00:00:00",0.00,12,0,30,VIA S.A.,Desconhecido
18163,"2025-01-22 00:00:00",0.00,12,0,30,VIA S.A.,Desconhecido
18164,"2025-01-22 00:00:00",0.00,14,0,30,VIA S.A.,Desconhecido
18165,"2025-01-22 00:00:00",0.00,11,0,30,VIA S.A.,Desconhecido
18166,"2025-01-22 00:00:00",0.00,12,0,30,VIA S.A.,Desconhecido
18168,"2025-01-22 00:00:00",0.00,13,0,30,VIA S.A.,Desconhecido
18169,"2025-01-22 00:00:00",0.00,17,0,30,VIA S.A.,Desconhecido
18296,"2025-01-22 00:00:00",0.00,10,0,30,VIA S.A.,Desconhecido
18152,"2025-01-21 00:00:00",0.00,10,0,30,VIA S.A.,Desconhecido
18153,"2025-01-21 00:00:00",0.00,10,0,30,VIA S.A.,Desconhecido
18154,"2025-01-21 00:00:00",0.00,9,0,30,VIA S.A.,Desconhecido
18155,"2025-01-21 00:00:00",0.00,9,0,30,VIA S.A.,Desconhecido
18156,"2025-01-21 00:00:00",0.00,9,0,30,VIA S.A.,Desconhecido
18295,"2025-01-21 00:00:00",100000.00,12,0,30,VIA S.A.,Desconhecido
18151,"2025-01-20 14:10:44",0.00,55,0,112,VIA S.A.,Simples
18150,"2025-01-20 14:08:44",0.00,12,0,30,VIA S.A.,Desconhecido
18149,"2025-01-20 10:25:22",1864.98,14,0,30,OI,Desconhecido
17972,"2025-01-20 00:00:00",0.00,14,0,30,VIA S.A.,Desconhecido
18007,"2025-01-20 00:00:00",0.00,17,0,30,VIA S.A.,Desconhecido
18013,"2025-01-20 00:00:00",0.00,17,0,30,VIA S.A.,Desconhecido
18148,"2025-01-20 00:00:00",0.00,15,0,30,VIA S.A.,Desconhecido
18144,"2025-01-10 14:07:53",0.00,5,0,30,NAZARIA,Desconhecido
17970,"2025-01-08 14:43:04",1000.00,5,0,30,HOSPITAL ISRAELITA ALBERT EINSTEIN,Desconhecido
18142,"2025-01-08 00:00:00",1000000.00,43,0,15,OI,Simples
18129,"2025-01-03 00:00:00",0.00,12,0,30,VIA S.A.,Desconhecido
18130,"2025-01-03 00:00:00",0.00,13,0,30,VIA S.A.,Desconhecido
18131,"2025-01-03 00:00:00",0.00,11,0,30,VIA S.A.,Desconhecido
18132,"2025-01-03 00:00:00",0.00,11,0,30,VIA S.A.,Desconhecido
18133,"2025-01-03 00:00:00",0.00,11,0,30,VIA S.A.,Desconhecido
18134,"2025-01-03 00:00:00",0.00,11,0,30,VIA S.A.,Desconhecido
18135,"2025-01-03 00:00:00",0.00,11,0,30,VIA S.A.,Desconhecido
18136,"2025-01-03 00:00:00",0.00,11,0,30,VIA S.A.,Desconhecido
18137,"2025-01-03 00:00:00",0.00,11,0,30,VIA S.A.,Desconhecido
18138,"2025-01-03 00:00:00",0.00,10,0,30,VIA S.A.,Desconhecido
18139,"2025-01-03 00:00:00",0.00,11,0,30,VIA S.A.,Desconhecido
18140,"2025-01-03 00:00:00",0.00,11,0,30,VIA S.A.,Desconhecido
18141,"2025-01-03 00:00:00",0.00,11,0,30,VIA S.A.,Desconhecido
18128,"2024-12-20 14:34:53",138296.00,8,0,30,OI,Desconhecido
18127,"2024-12-20 14:15:03",1000.00,15,0,30,HOSPITAL ISRAELITA ALBERT EINSTEIN,Desconhecido
18126,"2024-12-19 16:52:03",1000.00,6,0,30,VIA S.A.,Desconhecido
18125,"2024-12-19 16:51:20",0.00,12,0,30,VIA S.A.,Desconhecido
18124,"2024-12-19 16:50:36",0.00,10,0,30,VIA S.A.,Desconhecido
18123,"2024-12-19 16:50:03",0.00,5,0,30,VIA S.A.,Desconhecido
18122,"2024-11-26 16:53:38",0.00,7,0,30,VULCABRAS,Desconhecido
18121,"2024-11-25 14:51:57",100.00,6,0,30,LEGIAO DA BOA VONTADE,Desconhecido
18120,"2024-11-18 00:00:00",0.00,20,0,25,BP BUNGE,Simples
18119,"2024-11-13 16:45:09",6983.88,13,0,30,OI,Desconhecido
18118,"2024-11-06 10:18:34",0.00,34,0,30,VITALLIS CENTRO MEDICO,Desconhecido
18117,"2024-11-06 10:15:14",0.00,9,0,30,VITALLIS CENTRO MEDICO,Desconhecido
18116,"2024-11-06 10:11:02",0.00,9,0,30,VITALLIS CENTRO MEDICO,Desconhecido
18115,"2024-11-06 10:08:35",0.00,9,0,30,VITALLIS CENTRO MEDICO,Desconhecido
18114,"2024-11-06 10:06:47",1000.00,10,0,30,VITALLIS CENTRO MEDICO,Desconhecido
18113,"2024-10-31 14:32:22",10000.00,5,0,30,OI,Desconhecido
18112,"2024-10-30 15:07:46",20542.00,5,0,30,OI,Desconhecido
18111,"2024-10-29 16:30:24",6000.00,37,0,211,AGENCIA VIP AIR ENERGY ADVISOR,Simples
18110,"2024-10-17 16:36:53",20000.00,23,0,30,AGENCIA VIP AIR ENERGY ADVISOR,Desconhecido
18109,"2024-09-24 11:19:48",2000.00,27,0,22,AGENCIA NETLUX ENERGY ADVISOR,Simples
18108,"2024-09-20 00:00:00",2000.00,6,0,30,OI,Desconhecido
18107,"2024-09-18 00:00:00",79214.00,9,0,30,GGF AGRO LTDA,Desconhecido
18106,"2024-09-12 00:00:00",1000.00,17,0,30,VIVO VALORIZA,Desconhecido
18098,"2024-09-10 00:00:00",1000.00,10,0,30,PREFEITURA DE IBIAI,Desconhecido
18099,"2024-09-10 00:00:00",1000.00,11,0,30,PREFEITURA DE IBIAI,Desconhecido
18100,"2024-09-10 00:00:00",1000.00,10,0,30,PREFEITURA DE IBIAI,Desconhecido
18101,"2024-09-10 00:00:00",1000.00,10,0,30,PREFEITURA DE IBIAI,Desconhecido
18102,"2024-09-10 00:00:00",1000.00,11,0,30,PREFEITURA DE IBIAI,Desconhecido
18103,"2024-09-10 00:00:00",1000.00,11,0,30,PREFEITURA DE IBIAI,Desconhecido
18104,"2024-09-10 00:00:00",1000.00,11,0,30,PREFEITURA DE IBIAI,Desconhecido
18105,"2024-09-10 00:00:00",72000.00,15,0,30,GGF AGRO LTDA,Desconhecido
18094,"2024-09-09 00:00:00",1000.00,16,0,30,GGF AGRO LTDA,Desconhecido
18095,"2024-09-09 00:00:00",1000.00,16,0,30,GGF AGRO LTDA,Desconhecido
18096,"2024-09-09 00:00:00",1000.00,11,0,30,GGF AGRO LTDA,Desconhecido
18097,"2024-09-09 00:00:00",1000.00,11,0,30,GGF AGRO LTDA,Desconhecido
18093,"2024-09-05 00:00:00",0.00,26,0,30,AGENCIA VIP AIR ENERGY ADVISOR,Desconhecido
18092,"2024-08-30 10:12:27",0.00,11,0,30,OI,Desconhecido
18091,"2024-08-30 09:49:26",2500000.00,31,0,30,OI,Desconhecido
18090,"2024-08-30 09:06:46",2000.00,10,0,30,OI,Desconhecido
18089,"2024-08-23 00:00:00",0.00,26,0,30,VULCABRAS,Desconhecido
18088,"2024-08-22 13:57:29",3000.00,30,0,30,OI,Dobro
18087,"2024-08-21 08:23:28",30000.00,10,0,30,OI,Desconhecido
18086,"2024-08-20 16:13:58",15000.00,7,0,30,OI,Desconhecido
18085,"2024-08-20 16:11:46",20000.00,32,0,125,OI,Dobro
18084,"2024-08-20 15:18:56",2000.00,7,0,30,OI,Desconhecido
18083,"2024-08-20 15:12:34",1500.00,12,0,30,OI,Desconhecido
18082,"2024-08-20 15:04:32",5000.00,7,0,30,OI,Desconhecido
18081,"2024-08-19 16:02:43",3000.00,7,0,30,OI,Desconhecido
18080,"2024-08-19 15:53:41",12000.00,7,0,30,OI,Desconhecido
18079,"2024-08-19 15:40:20",6000.00,10,0,30,OI,Desconhecido
18078,"2024-08-19 15:36:30",5000.00,9,0,30,OI,Desconhecido
18077,"2024-08-19 14:58:51",3000.00,7,0,30,OI,Desconhecido
18076,"2024-08-16 14:49:26",0.00,9,0,30,VIA S.A.,Desconhecido
18075,"2024-08-16 14:33:44",0.00,10,0,30,VIA S.A.,Desconhecido
18074,"2024-08-16 14:25:29",0.00,8,0,30,VIA S.A.,Desconhecido
18073,"2024-08-16 14:05:30",0.00,12,0,30,VIA S.A.,Desconhecido
18072,"2024-08-16 14:03:34",0.00,8,0,30,VIA S.A.,Desconhecido
18071,"2024-08-16 13:42:49",0.00,7,0,30,VIA S.A.,Desconhecido
18070,"2024-08-16 13:28:06",0.00,12,0,30,VIA S.A.,Desconhecido
18069,"2024-08-16 13:00:05",1000.00,10,0,30,VIA S.A.,Desconhecido
18068,"2024-08-16 09:43:16",0.00,13,0,30,VIA S.A.,Desconhecido
18067,"2024-08-16 09:17:27",0.00,12,0,30,VIA S.A.,Desconhecido
18066,"2024-08-16 09:07:01",1000.00,8,0,30,VIA S.A.,Desconhecido
16890,"2024-08-16 08:53:47",0.00,15,0,30,VIA S.A.,Desconhecido
18064,"2024-08-16 08:45:02",0.00,13,0,30,VIA S.A.,Desconhecido
18063,"2024-08-16 08:23:01",0.00,14,0,30,VIA S.A.,Desconhecido
18062,"2024-08-14 15:07:35",1000.00,13,0,30,VIA S.A.,Desconhecido
18061,"2024-08-14 14:48:32",1000.00,5,0,30,VIA S.A.,Desconhecido
18060,"2024-08-14 10:27:31",10000.00,13,0,30,VIA S.A.,Desconhecido
18059,"2024-08-14 10:11:22",0.00,12,0,30,VIA S.A.,Desconhecido
18058,"2024-08-14 09:46:02",0.00,12,0,30,VIA S.A.,Desconhecido
18057,"2024-08-14 09:13:39",0.00,11,0,30,VIA S.A.,Desconhecido
18056,"2024-08-09 16:41:12",0.00,10,0,30,VIA S.A.,Desconhecido
18055,"2024-08-09 16:33:12",0.00,14,0,30,VIA S.A.,Desconhecido
18054,"2024-08-09 16:29:38",0.00,15,0,30,VIA S.A.,Desconhecido
18053,"2024-08-09 08:18:25",1000.00,12,0,30,VIA S.A.,Desconhecido
18052,"2024-08-08 16:10:52",0.00,16,0,30,VIA S.A.,Desconhecido
18003,"2024-08-08 15:20:34",0.00,11,0,30,VIA S.A.,Desconhecido
18050,"2024-08-08 10:01:58",40000.00,10,0,30,VIA S.A.,Desconhecido
18049,"2024-08-08 09:48:21",5000.00,10,0,30,VIA S.A.,Desconhecido
18048,"2024-08-08 09:32:44",0.00,14,0,30,VIA S.A.,Desconhecido
18047,"2024-08-08 08:38:11",1000.00,12,0,30,VIA S.A.,Desconhecido
18294,"2024-08-08 00:00:00",1000.00,11,0,30,VIA S.A.,Desconhecido
18046,"2024-08-06 10:13:48",0.00,14,0,30,VIA S.A.,Desconhecido
18045,"2024-08-06 09:40:33",0.00,13,0,30,VIA S.A.,Desconhecido
18044,"2024-08-06 09:17:22",1000.00,10,0,30,VIA S.A.,Desconhecido
18043,"2024-08-06 09:01:20",0.00,11,0,30,VIA S.A.,Desconhecido
16940,"2024-08-01 16:24:07",0.00,12,0,30,VIA S.A.,Desconhecido
18041,"2024-08-01 16:04:27",1000.00,9,0,30,VIA S.A.,Desconhecido
18040,"2024-08-01 15:36:53",40000.00,8,0,30,VIA S.A.,Desconhecido
18039,"2024-07-31 08:08:09",0.00,10,0,30,VIA S.A.,Desconhecido
18038,"2024-07-30 16:08:38",1000.00,9,0,30,VIA S.A.,Desconhecido
18037,"2024-07-30 15:51:25",1000.00,8,0,30,VIA S.A.,Desconhecido
18036,"2024-07-30 13:39:21",1500.00,9,0,30,VIA S.A.,Desconhecido
18035,"2024-07-30 10:51:49",0.00,9,0,30,VIA S.A.,Desconhecido
18034,"2024-07-26 15:06:52",249307.00,48,3,472,VIA S.A.,Simples
18033,"2024-07-25 13:39:03",0.00,5,0,30,VIA S.A.,Desconhecido
18032,"2024-07-19 15:33:45",5000.00,9,0,30,OI,Desconhecido
18031,"2024-07-19 15:14:45",4000.00,19,0,30,OI,Desconhecido
18030,"2024-07-19 10:57:49",3000.00,16,0,30,OI,Desconhecido
18029,"2024-07-19 09:57:32",8000.00,15,0,30,OI,Desconhecido
18028,"2024-07-19 09:03:18",10000.00,15,0,30,OI,Desconhecido
18027,"2024-07-19 08:10:24",13000.00,15,0,30,OI,Desconhecido
18026,"2024-07-18 16:14:00",40000.00,15,0,30,OI,Desconhecido
18025,"2024-07-18 13:17:17",40000.00,15,0,30,OI,Desconhecido
18024,"2024-07-18 13:03:25",10000.00,15,0,30,OI,Desconhecido
18023,"2024-07-18 11:33:07",18000.00,14,0,30,OI,Desconhecido
18022,"2024-07-18 11:18:22",7000.00,26,0,30,OI,Dobro
18021,"2024-07-18 11:14:01",4500.00,40,0,30,OI,Dobro
18196,"2024-07-18 10:56:05",10000.00,19,0,30,OI,Desconhecido
18019,"2024-07-18 10:16:05",1500.00,15,0,30,OI,Desconhecido
18018,"2024-07-18 00:00:00",3512154.00,11,0,30,CEJASA COMERCIO DE ALIMENTOS LTDA,Desconhecido
18017,"2024-07-17 11:16:48",3000.00,15,0,30,OI,Desconhecido
18016,"2024-07-17 11:09:18",10000.00,53,0,217,OI,Simples
18015,"2024-07-17 11:04:51",10000.00,9,0,30,OI,Desconhecido
18014,"2024-07-17 10:59:12",30000.00,10,0,30,OI,Desconhecido
16624,"2024-07-17 10:46:30",10000.00,16,0,442,OI,Simples
18012,"2024-07-16 16:26:14",12000.00,14,0,30,OI,Desconhecido
18011,"2024-07-16 16:22:04",9000.00,15,0,30,OI,Desconhecido
18010,"2024-07-16 16:15:32",5000.00,14,0,30,OI,Desconhecido
18009,"2024-07-16 16:04:42",3000.00,8,0,30,OI,Desconhecido
18008,"2024-07-15 11:16:09",6500.00,8,0,30,OI,Desconhecido
16736,"2024-07-15 11:00:19",12000.00,18,0,452,OI,Dobro
18006,"2024-07-15 10:52:55",11000.00,13,0,30,OI,Desconhecido
18005,"2024-07-15 10:45:53",20000.00,13,0,30,OI,Desconhecido
18004,"2024-07-15 10:39:35",7000.00,14,0,30,OI,Desconhecido
16901,"2024-07-15 10:36:51",3000.00,19,0,450,OI,Dobro
18002,"2024-07-15 10:32:57",5000.00,8,0,30,OI,Desconhecido
18001,"2024-07-10 16:17:09",50000.00,16,0,30,OI,Desconhecido
18000,"2024-07-10 15:36:07",4000.00,13,0,30,OI,Desconhecido
17999,"2024-07-10 15:30:33",4000.00,8,0,30,OI,Desconhecido
17998,"2024-07-10 15:19:53",8000.00,12,0,30,OI,Desconhecido
17997,"2024-07-10 12:03:41",9000.00,41,0,30,OI,Dobro
17996,"2024-07-10 11:58:23",5000.00,8,0,30,OI,Desconhecido
17995,"2024-07-10 11:51:15",7000.00,16,0,30,OI,Desconhecido
17994,"2024-07-10 11:48:05",4000.00,8,0,30,OI,Desconhecido
17993,"2024-07-04 15:03:34",3000.00,16,0,30,OI,Desconhecido
17992,"2024-07-04 14:57:20",26000.00,16,0,30,OI,Desconhecido
17991,"2024-07-04 14:52:16",10000.00,26,0,30,OI,Desconhecido
17990,"2024-07-04 14:43:57",17000.00,11,0,30,OI,Desconhecido
17989,"2024-07-04 14:40:22",5000.00,16,0,30,OI,Desconhecido
17988,"2024-07-04 14:35:36",9000.00,16,0,30,OI,Desconhecido
17987,"2024-07-04 14:29:12",45000.00,16,0,30,OI,Desconhecido
17986,"2024-07-03 16:42:24",10000.00,27,0,205,OI,Simples
17985,"2024-07-03 16:36:32",5000.00,7,0,30,OI,Desconhecido
17984,"2024-07-03 16:34:05",9000.00,8,0,30,OI,Desconhecido
17983,"2024-07-03 16:20:14",16000.00,16,0,30,OI,Desconhecido
17982,"2024-07-03 13:58:19",3000.00,16,0,30,OI,Desconhecido
17981,"2024-07-03 13:53:08",9000.00,16,0,30,OI,Desconhecido
18227,"2024-07-03 13:49:23",7000.00,17,0,453,OI,Simples
17979,"2024-07-03 13:43:18",8000.00,16,0,30,OI,Desconhecido
17978,"2024-07-03 13:35:32",10000.00,26,0,30,OI,Desconhecido
17977,"2024-07-03 13:31:53",10000.00,17,0,30,OI,Desconhecido
17976,"2024-07-03 13:25:16",20000.00,8,0,30,OI,Desconhecido
17975,"2024-07-03 13:09:31",5000.00,34,0,30,OI,Dobro
17974,"2024-07-03 13:03:35",23000.00,14,0,30,OI,Desconhecido
17973,"2024-07-02 11:34:09",13000.00,8,0,30,OI,Desconhecido
18177,"2024-07-02 11:29:38",3000.00,29,0,170,OI,Dobro
17971,"2024-07-02 11:24:20",3000.00,30,0,30,OI,Desconhecido
18167,"2024-07-02 11:19:07",6000.00,64,0,30,OI,Desconhecido
17969,"2024-07-01 15:54:26",12000.00,6,0,30,OI,Desconhecido
17968,"2024-07-01 15:44:18",6000.00,19,0,30,OI,Desconhecido
17967,"2024-07-01 14:37:28",30000.00,28,0,30,OI,Desconhecido
17966,"2024-07-01 14:17:41",40000.00,6,0,30,OI,Desconhecido
17965,"2024-07-01 13:50:23",30000.00,26,0,165,OI,Simples
17964,"2024-07-01 13:36:48",13000.00,13,0,30,OI,Desconhecido
17963,"2024-07-01 13:33:04",6000.00,37,0,30,OI,Dobro
17962,"2024-07-01 13:25:46",10000.00,12,0,30,OI,Desconhecido
17961,"2024-07-01 10:58:30",20000.00,12,0,30,OI,Desconhecido
17960,"2024-06-28 00:00:00",0.00,8,0,30,VIA S.A.,Desconhecido
17959,"2024-06-26 13:32:00",10000.00,12,0,30,OI,Desconhecido
17958,"2024-06-26 13:06:21",6000.00,8,0,30,OI,Desconhecido
17957,"2024-06-26 09:18:28",4000.00,9,0,30,OI,Desconhecido
17956,"2024-06-25 10:00:37",120000.00,13,0,30,OI,Desconhecido
17955,"2024-06-25 09:47:03",13000.00,5,0,30,OI,Desconhecido
17954,"2024-06-25 09:41:15",3000.00,15,0,30,OI,Desconhecido
17953,"2024-06-21 14:45:27",30000.00,13,0,30,OI,Desconhecido
17952,"2024-06-21 10:05:36",16000.00,11,0,30,OI,Desconhecido
17951,"2024-06-20 13:45:54",120000.00,16,0,30,OI,Desconhecido
17950,"2024-06-20 13:36:40",12000.00,15,0,30,OI,Desconhecido
17949,"2024-06-20 13:28:02",100000.00,16,0,30,OI,Desconhecido
17948,"2024-06-20 13:23:40",5000.00,12,0,30,OI,Desconhecido
17947,"2024-06-20 12:15:16",21000.00,16,0,30,OI,Desconhecido
17946,"2024-06-19 00:00:00",10000.00,28,0,30,HOSPITAL ISRAELITA ALBERT EINSTEIN,Desconhecido
17945,"2024-06-18 14:42:57",3000.00,7,0,30,OI,Desconhecido
17944,"2024-06-18 14:02:09",300.00,7,0,30,OI,Desconhecido
17943,"2024-06-18 13:51:11",3000.00,7,0,30,OI,Desconhecido
17942,"2024-06-18 13:47:34",300.00,7,0,30,OI,Desconhecido
17941,"2024-06-18 09:47:05",8000.00,7,0,30,OI,Desconhecido
17940,"2024-06-18 09:40:58",2000.00,6,0,30,OI,Desconhecido
17939,"2024-06-12 12:30:07",2000.00,8,0,30,OI,Desconhecido
17938,"2024-06-12 12:23:22",3000.00,6,0,30,OI,Desconhecido
17937,"2024-06-12 12:21:04",30000.00,6,0,30,OI,Desconhecido
17935,"2024-06-12 00:00:00",0.00,6,0,30,MECANICA E ESTAMPARIA SAO BERNARDO LTDA,Desconhecido
17936,"2024-06-12 00:00:00",0.00,9,0,30,BIOLABOR - LABORATORIO DE ANALISES CLINICAS,Desconhecido
17934,"2024-06-11 15:38:04",40000.00,12,0,399,CLARO,Desconhecido
17933,"2024-06-11 15:07:34",15000.00,25,2,560,CLARO,Simples
17932,"2024-06-11 09:59:33",40000.00,8,0,30,CLARO,Desconhecido
17931,"2024-06-10 14:01:40",4000.00,19,0,598,CLARO,Desconhecido
17930,"2024-06-07 17:04:30",6000.00,13,0,30,CLARO,Desconhecido
17929,"2024-06-07 17:02:09",3000.00,12,0,30,CLARO,Desconhecido
17928,"2024-06-07 16:58:34",4000.00,29,0,273,CLARO,Simples
17927,"2024-06-07 16:56:32",6000.00,12,0,30,CLARO,Desconhecido
17926,"2024-06-07 16:48:11",3000.00,30,0,273,CLARO,Simples
17925,"2024-06-07 15:37:31",5000.00,35,0,273,CLARO,Simples
17924,"2024-06-07 15:26:45",7000.00,14,0,30,CLARO,Desconhecido
17923,"2024-06-06 15:33:03",40000.00,28,0,274,CLARO,Simples
17922,"2024-06-06 15:16:01",10000.00,14,0,30,CLARO,Desconhecido
17921,"2024-06-06 15:04:09",8000.00,24,0,274,CLARO,Simples
17920,"2024-06-06 15:00:36",5000.00,21,0,274,CLARO,Simples
17919,"2024-06-06 14:55:36",2000.00,29,0,274,CLARO,Simples
17918,"2024-06-06 14:36:30",5500.00,35,0,274,CLARO,Simples
17917,"2024-06-06 08:44:13",2500.00,13,0,30,CLARO,Desconhecido
17916,"2024-06-06 08:42:20",2000.00,36,0,274,CLARO,Simples
17915,"2024-06-06 08:36:01",5000.00,14,0,30,CLARO,Desconhecido
17914,"2024-06-06 08:24:01",5000.00,26,0,274,CLARO,Simples
17913,"2024-06-06 08:17:09",11000.00,29,0,274,CLARO,Simples
17912,"2024-06-06 08:15:02",2500.00,29,0,274,CLARO,Simples
17911,"2024-06-06 08:08:51",4000.00,29,0,274,CLARO,Simples
17910,"2024-06-06 08:07:52",4000.00,25,0,274,CLARO,Simples
17909,"2024-06-04 17:03:43",20000.00,24,0,276,CLARO,Simples
17908,"2024-06-04 16:34:16",2000.00,20,0,276,CLARO,Simples
17907,"2024-06-04 16:29:01",3000.00,30,0,276,CLARO,Simples
17906,"2024-06-04 16:23:12",7000.00,31,0,276,CLARO,Simples
17905,"2024-06-04 16:16:14",10000.00,13,0,30,CLARO,Desconhecido
17904,"2024-06-04 16:13:47",2000.00,22,0,276,CLARO,Simples
17903,"2024-06-04 16:12:26",2000.00,31,0,276,CLARO,Simples
17902,"2024-06-04 16:10:42",4000.00,27,0,276,CLARO,Simples
17901,"2024-06-03 17:08:31",5000.00,22,0,277,CLARO,Simples
17900,"2024-06-03 16:45:41",6000.00,32,0,277,CLARO,Simples
17899,"2024-06-03 16:41:24",22000.00,36,0,277,CLARO,Simples
17898,"2024-06-03 16:39:44",5000.00,22,0,277,CLARO,Simples
17897,"2024-06-03 16:36:31",5000.00,14,0,30,CLARO,Desconhecido
17896,"2024-06-03 16:34:04",4000.00,33,0,277,CLARO,Simples
17895,"2024-06-03 16:32:57",4000.00,23,0,277,CLARO,Simples
17894,"2024-06-03 16:21:14",3000.00,49,0,277,CLARO,Simples
17893,"2024-06-03 16:19:30",3000.00,27,0,277,CLARO,Simples
17892,"2024-06-03 16:10:58",8000.00,27,0,277,CLARO,Simples
17891,"2024-06-03 16:01:20",5000.00,13,0,30,CLARO,Desconhecido
17890,"2024-06-03 15:03:33",4000.00,23,0,277,CLARO,Simples
17889,"2024-06-03 14:59:11",6000.00,23,0,277,CLARO,Simples
17888,"2024-06-03 14:55:38",3000.00,15,0,30,CLARO,Desconhecido
17887,"2024-06-03 14:52:34",10000.00,27,0,277,CLARO,Simples
17886,"2024-06-03 14:48:09",4000.00,22,0,277,CLARO,Simples
17885,"2024-06-03 14:43:34",5000.00,27,0,277,CLARO,Simples
17884,"2024-06-03 14:17:11",4000.00,23,0,277,CLARO,Simples
17883,"2024-06-03 14:07:56",0.00,14,0,30,CLARO,Desconhecido
17882,"2024-06-03 13:53:41",2500.00,26,0,277,CLARO,Simples
17881,"2024-06-03 13:49:33",9000.00,23,0,277,CLARO,Simples
17880,"2024-06-03 13:46:56",2000.00,16,0,30,CLARO,Desconhecido
17879,"2024-06-03 13:44:37",5000.00,22,0,277,CLARO,Simples
17878,"2024-06-03 11:54:01",5000.00,32,0,277,CLARO,Simples
17877,"2024-06-03 11:43:44",18000.00,33,0,277,CLARO,Simples
17876,"2024-06-03 11:41:28",15000.00,33,0,277,CLARO,Simples
17875,"2024-06-03 11:38:54",7000.00,28,0,277,CLARO,Simples
17874,"2024-06-03 11:35:05",7000.00,22,0,277,CLARO,Simples
17873,"2024-06-03 11:24:58",3000.00,35,0,277,CLARO,Simples
17872,"2024-06-03 11:14:43",4000.00,22,0,277,CLARO,Simples
17871,"2024-05-28 11:16:12",3000.00,15,0,30,CLARO,Desconhecido
17870,"2024-05-28 11:11:04",7000.00,15,0,30,CLARO,Desconhecido
17869,"2024-05-28 10:57:35",10000.00,15,0,30,CLARO,Desconhecido
17868,"2024-05-28 10:50:58",2000.00,15,0,30,CLARO,Desconhecido
17867,"2024-05-28 10:48:33",12000.00,15,0,30,CLARO,Desconhecido
17866,"2024-05-28 10:40:35",3000.00,15,0,30,CLARO,Desconhecido
17865,"2024-05-28 10:37:52",3000.00,15,0,30,CLARO,Desconhecido
17864,"2024-05-28 10:33:22",6000.00,15,0,30,CLARO,Desconhecido
17863,"2024-05-28 10:21:40",3000.00,15,0,30,CLARO,Desconhecido
17862,"2024-05-24 00:00:00",0.00,6,0,30,VIA S.A.,Desconhecido
17861,"2024-05-20 15:42:32",3000.00,15,0,30,CLARO,Desconhecido
17860,"2024-05-20 14:43:40",4000.00,15,0,30,CLARO,Desconhecido
17859,"2024-05-20 14:09:38",8000.00,15,0,30,CLARO,Desconhecido
17858,"2024-05-20 13:57:59",15000.00,15,0,30,CLARO,Desconhecido
17857,"2024-05-20 12:10:04",16000.00,15,0,30,CLARO,Desconhecido
17856,"2024-05-20 11:58:39",100000.00,15,0,30,CLARO,Desconhecido
17855,"2024-05-20 11:55:11",9000.00,15,0,30,CLARO,Desconhecido
17854,"2024-05-20 11:49:29",2000.00,15,0,30,CLARO,Desconhecido
17853,"2024-05-20 11:38:26",20000.00,15,0,30,CLARO,Desconhecido
17852,"2024-05-20 11:20:44",22000.00,15,0,30,CLARO,Desconhecido
17851,"2024-05-20 11:08:21",20000.00,15,0,30,CLARO,Desconhecido
17850,"2024-05-20 11:06:38",20000.00,15,0,30,CLARO,Desconhecido
17849,"2024-05-20 10:51:12",50000.00,15,0,30,CLARO,Desconhecido
17848,"2024-05-16 16:58:32",18000.00,15,0,30,CLARO,Desconhecido
17847,"2024-05-16 10:47:12",20000.00,15,0,30,CLARO,Desconhecido
17846,"2024-05-16 10:35:15",7000.00,15,0,30,CLARO,Desconhecido
17845,"2024-05-16 10:05:06",10000.00,15,0,30,CLARO,Desconhecido
17844,"2024-05-16 09:52:34",15000.00,15,0,30,CLARO,Desconhecido
17843,"2024-05-16 09:45:34",100000.00,15,0,30,CLARO,Desconhecido
17842,"2024-05-16 09:34:04",10000.00,15,0,30,CLARO,Desconhecido
17841,"2024-05-16 09:24:33",5000.00,15,0,30,CLARO,Desconhecido
17840,"2024-05-15 16:44:09",10000.00,15,0,30,CLARO,Desconhecido
17839,"2024-05-15 16:36:40",40000.00,15,0,30,CLARO,Desconhecido
17838,"2024-05-15 16:27:34",45000.00,15,0,30,CLARO,Desconhecido
17837,"2024-05-15 16:23:05",20000.00,15,0,30,CLARO,Desconhecido
17836,"2024-05-15 16:18:47",70000.00,15,0,30,CLARO,Desconhecido
17835,"2024-05-15 16:04:46",35000.00,15,0,30,CLARO,Desconhecido
17834,"2024-05-15 15:57:57",10000.00,15,0,30,CLARO,Desconhecido
17833,"2024-05-15 10:19:05",60000.00,15,0,30,CLARO,Desconhecido
17832,"2024-05-15 10:06:18",12000.00,15,0,30,CLARO,Desconhecido
17831,"2024-05-14 16:46:27",20000.00,15,0,30,CLARO,Desconhecido
17830,"2024-05-14 16:42:09",40000.00,15,0,30,CLARO,Desconhecido
17829,"2024-05-14 16:30:18",20000.00,15,0,30,CLARO,Desconhecido
17828,"2024-05-14 16:18:38",0.00,16,0,30,CLARO,Desconhecido
17827,"2024-05-14 15:37:32",40000.00,14,0,30,CLARO,Desconhecido
17826,"2024-05-13 10:00:59",25000.00,13,0,30,OI,Desconhecido
17825,"2024-05-09 13:57:33",20000.00,5,0,30,VIA S.A.,Desconhecido
17824,"2024-05-09 11:20:37",20000.00,10,1,30,VIA S.A.,Desconhecido
17823,"2024-05-08 16:59:50",40000.00,35,0,71,VIA S.A.,Simples
17822,"2024-05-08 16:38:23",20000.00,11,0,30,VIA S.A.,Desconhecido
17817,"2024-05-07 00:00:00",60000.00,15,0,30,VIA S.A.,Desconhecido
17818,"2024-05-07 00:00:00",20000.00,13,0,30,VIA S.A.,Desconhecido
17819,"2024-05-07 00:00:00",15000.00,13,0,30,VIA S.A.,Desconhecido
17820,"2024-05-07 00:00:00",10000.00,12,0,30,VIA S.A.,Desconhecido
17821,"2024-05-07 00:00:00",0.00,6,0,30,MECANICA E ESTAMPARIA SAO BERNARDO LTDA,Desconhecido
17816,"2024-05-03 16:09:17",1000.00,15,0,30,OI,Desconhecido
17815,"2024-04-29 14:09:03",5000.00,13,0,30,VIA S.A.,Desconhecido
17814,"2024-04-29 13:52:28",30000.00,16,1,674,VIA S.A.,Desconhecido
17813,"2024-04-25 11:52:05",64500.00,5,0,30,CLARO,Desconhecido
17812,"2024-04-22 15:51:35",3000.00,13,0,30,CLARO,Desconhecido
17811,"2024-04-22 15:50:12",5000.00,9,0,30,CLARO,Desconhecido
17810,"2024-04-22 15:45:53",15000.00,15,1,30,CLARO,Desconhecido
17809,"2024-04-22 15:43:49",9000.00,10,1,30,CLARO,Desconhecido
17808,"2024-04-22 15:42:20",70000.00,12,0,30,CLARO,Desconhecido
17807,"2024-04-22 15:33:10",8000.00,11,1,30,CLARO,Desconhecido
17806,"2024-04-22 15:29:04",23000.00,12,0,30,CLARO,Desconhecido
17805,"2024-04-22 15:27:32",7000.00,11,0,30,CLARO,Desconhecido
17804,"2024-04-22 15:24:04",4000.00,12,0,30,CLARO,Desconhecido
17803,"2024-04-22 15:22:40",10000.00,12,0,30,CLARO,Desconhecido
17802,"2024-04-22 15:20:10",6000.00,12,0,30,CLARO,Desconhecido
17801,"2024-04-22 15:19:01",8000.00,12,0,30,CLARO,Desconhecido
17800,"2024-04-22 15:17:09",4000.00,13,0,30,CLARO,Desconhecido
17799,"2024-04-19 14:04:27",8000.00,12,0,30,CLARO,Desconhecido
17798,"2024-04-19 14:02:14",2000.00,12,0,30,CLARO,Desconhecido
17797,"2024-04-19 14:01:16",40000.00,12,0,30,CLARO,Desconhecido
17796,"2024-04-19 13:59:19",5000.00,12,0,30,CLARO,Desconhecido
17795,"2024-04-19 13:58:19",2000.00,14,0,30,CLARO,Desconhecido
17794,"2024-04-19 13:57:14",5000.00,13,0,30,CLARO,Desconhecido
17793,"2024-04-19 13:55:28",10000.00,19,0,525,CLARO,Simples
17792,"2024-04-19 13:54:16",10000.00,9,0,30,CLARO,Desconhecido
17791,"2024-04-19 13:53:20",25000.00,9,0,30,CLARO,Desconhecido
17790,"2024-04-19 13:51:47",3000.00,9,0,30,CLARO,Desconhecido
17789,"2024-04-19 13:50:58",3000.00,9,0,30,CLARO,Desconhecido
17788,"2024-04-19 13:49:40",3000.00,10,0,30,CLARO,Desconhecido
17787,"2024-04-19 13:48:47",15000.00,10,0,30,CLARO,Desconhecido
17786,"2024-04-19 13:47:20",7000.00,10,0,30,CLARO,Desconhecido
17785,"2024-04-19 13:46:20",3000.00,10,0,30,CLARO,Desconhecido
17784,"2024-04-19 13:44:59",6000.00,10,0,30,CLARO,Desconhecido
17783,"2024-04-19 13:44:04",6000.00,10,0,30,CLARO,Desconhecido
17782,"2024-04-19 13:42:40",12000.00,8,0,30,CLARO,Desconhecido
17781,"2024-04-19 13:41:14",4000.00,9,0,30,CLARO,Desconhecido
17780,"2024-04-19 13:40:23",2000.00,9,0,30,CLARO,Desconhecido
17779,"2024-04-19 13:39:06",10000.00,9,0,30,CLARO,Desconhecido
17778,"2024-04-19 13:38:13",3000.00,9,0,30,CLARO,Desconhecido
17777,"2024-04-19 13:37:11",6000.00,10,0,30,CLARO,Desconhecido
17776,"2024-04-19 13:36:05",5000.00,10,0,30,CLARO,Desconhecido
17775,"2024-04-19 13:35:04",20000.00,10,0,30,CLARO,Desconhecido
17774,"2024-04-19 13:33:51",3000.00,12,0,30,CLARO,Desconhecido
17773,"2024-04-19 13:32:56",5000.00,12,0,30,CLARO,Desconhecido
17772,"2024-04-19 13:31:54",4000.00,12,0,30,CLARO,Desconhecido
17771,"2024-04-19 13:31:00",3000.00,12,0,30,CLARO,Desconhecido
17770,"2024-04-19 13:30:01",4000.00,8,0,30,CLARO,Desconhecido
17769,"2024-04-19 13:26:46",30000.00,10,0,30,CLARO,Desconhecido
17768,"2024-04-19 13:24:49",57000.00,8,0,30,CLARO,Desconhecido
17767,"2024-04-19 13:23:38",5000.00,9,0,30,CLARO,Desconhecido
17766,"2024-04-19 13:22:49",15000.00,10,0,30,CLARO,Desconhecido
17765,"2024-04-19 13:21:11",7000.00,10,0,30,CLARO,Desconhecido
17764,"2024-04-19 13:19:28",3000.00,14,0,657,CLARO,Desconhecido
17763,"2024-04-19 13:18:34",12000.00,10,0,30,CLARO,Desconhecido
17762,"2024-04-19 13:17:45",7000.00,10,0,30,CLARO,Desconhecido
17761,"2024-04-19 13:16:57",12000.00,11,0,30,CLARO,Desconhecido
17760,"2024-04-19 13:16:02",12000.00,10,0,30,CLARO,Desconhecido
17759,"2024-04-19 13:05:41",8000.00,11,0,30,CLARO,Desconhecido
17758,"2024-04-19 13:04:35",3000.00,10,0,30,CLARO,Desconhecido
17757,"2024-04-19 13:03:42",4000.00,10,0,30,CLARO,Desconhecido
17756,"2024-04-19 12:06:35",5000.00,10,0,30,CLARO,Desconhecido
17755,"2024-04-19 12:05:12",7000.00,20,3,661,CLARO,Simples
17754,"2024-04-19 12:00:25",10000.00,9,0,30,CLARO,Desconhecido
17753,"2024-04-19 11:58:03",4000.00,10,0,30,CLARO,Desconhecido
17752,"2024-04-19 11:56:56",4000.00,13,0,30,CLARO,Desconhecido
17751,"2024-04-19 11:55:37",6000.00,10,1,30,CLARO,Desconhecido
17750,"2024-04-19 11:53:43",3000.00,9,0,418,CLARO,Simples
17749,"2024-04-19 11:51:07",10000.00,12,0,454,CLARO,Dobro
17748,"2024-04-19 11:49:59",8000.00,9,0,418,CLARO,Simples
17747,"2024-04-19 11:48:49",12000.00,10,0,418,CLARO,Simples
17746,"2024-04-19 11:47:32",6000.00,9,0,418,CLARO,Simples
17745,"2024-04-19 11:46:33",20000.00,10,0,440,CLARO,Dobro
17744,"2024-04-19 11:45:10",3000.00,10,0,392,CLARO,Simples
17743,"2024-04-19 11:33:15",3000.00,10,0,404,CLARO,Simples
17742,"2024-04-19 11:31:46",10000.00,15,0,402,CLARO,Simples
17741,"2024-04-19 11:30:44",22000.00,12,0,412,CLARO,Simples
17740,"2024-04-19 11:28:09",5000.00,12,0,472,CLARO,Dobro
17739,"2024-04-19 11:25:57",6000.00,12,0,402,CLARO,Desconhecido
17738,"2024-04-19 11:22:04",10000.00,12,0,30,CLARO,Desconhecido
17737,"2024-04-19 11:17:41",12000.00,14,0,440,CLARO,Simples
17736,"2024-04-19 11:15:54",10000.00,11,0,406,CLARO,Desconhecido
17735,"2024-04-19 11:14:50",5000.00,10,0,30,CLARO,Desconhecido
17734,"2024-04-19 11:10:22",30000.00,10,0,30,CLARO,Desconhecido
17733,"2024-04-19 11:03:17",6000.00,11,0,445,CLARO,Dobro
17732,"2024-04-19 11:02:07",2000.00,12,1,609,CLARO,Simples
17731,"2024-04-19 11:01:06",12000.00,10,0,30,CLARO,Desconhecido
17730,"2024-04-19 10:59:06",2000.00,10,0,30,CLARO,Desconhecido
17729,"2024-04-19 10:57:56",10000.00,10,0,30,CLARO,Desconhecido
17728,"2024-04-19 10:56:44",20000.00,14,0,363,CLARO,Simples
17727,"2024-04-19 10:55:18",5000.00,9,0,412,CLARO,Simples
17726,"2024-04-19 10:54:16",13000.00,11,0,30,CLARO,Desconhecido
17725,"2024-04-19 10:52:44",11000.00,9,0,417,CLARO,Simples
17724,"2024-04-19 10:39:33",40000.00,8,0,30,OI,Desconhecido
17723,"2024-04-19 10:36:14",15000.00,12,0,30,OI,Desconhecido
17722,"2024-04-19 10:33:27",90000.00,12,0,30,OI,Desconhecido
17721,"2024-04-19 10:30:09",9000.00,8,0,30,OI,Desconhecido
17720,"2024-04-19 10:28:43",30000.00,8,0,30,OI,Desconhecido
17719,"2024-04-19 10:26:38",8000.00,9,0,30,OI,Desconhecido
17718,"2024-04-19 10:24:03",50000.00,12,0,30,OI,Desconhecido
17717,"2024-04-19 10:22:58",9000.00,29,1,266,OI,Dobro
17716,"2024-04-19 10:10:31",6000.00,9,0,30,OI,Desconhecido
17715,"2024-04-19 10:07:48",5000.00,5,0,30,OI,Desconhecido
17714,"2024-04-19 09:45:39",70000.00,5,0,30,OI,Desconhecido
17713,"2024-04-19 09:42:09",7000.00,11,0,30,OI,Desconhecido
17712,"2024-04-18 16:53:39",10000.00,5,0,30,OI,Desconhecido
17711,"2024-04-18 16:40:58",2000.00,8,0,30,CLARO,Desconhecido
17710,"2024-04-18 14:21:46",18000.00,10,0,30,CLARO,Desconhecido
17709,"2024-04-18 14:18:35",70000.00,17,2,638,CLARO,Simples
17708,"2024-04-18 14:16:32",20000.00,11,0,30,CLARO,Desconhecido
17707,"2024-04-18 14:13:06",20000.00,18,2,608,CLARO,Simples
17706,"2024-04-18 14:11:35",4000.00,25,1,614,CLARO,Simples
17705,"2024-04-18 14:09:33",6000.00,22,1,648,CLARO,Simples
17704,"2024-04-18 14:08:13",120000.00,13,0,30,CLARO,Desconhecido
17703,"2024-04-18 14:05:38",30000.00,22,2,634,CLARO,Simples
17702,"2024-04-18 14:01:59",50000.00,21,1,259,CLARO,Simples
17701,"2024-04-18 14:00:33",55000.00,21,2,636,CLARO,Simples
17700,"2024-04-18 13:58:56",20000.00,9,0,30,CLARO,Desconhecido
17699,"2024-04-18 13:57:43",100000.00,45,0,280,CLARO,Simples
17698,"2024-04-18 13:55:30",30000.00,16,0,614,CLARO,Desconhecido
17697,"2024-04-18 13:52:33",30000.00,10,0,30,CLARO,Desconhecido
17696,"2024-04-18 13:48:42",6000.00,12,0,30,CLARO,Desconhecido
17695,"2024-04-18 13:47:40",10000.00,13,0,30,CLARO,Desconhecido
17694,"2024-04-18 13:45:41",15000.00,8,0,30,CLARO,Desconhecido
17693,"2024-04-18 13:42:28",160000.00,11,0,30,CLARO,Desconhecido
17692,"2024-04-18 13:40:28",12000.00,8,0,30,CLARO,Desconhecido
17691,"2024-04-18 13:39:34",6000.00,8,0,30,CLARO,Desconhecido
17690,"2024-04-18 13:38:32",8000.00,19,1,30,CLARO,Desconhecido
17689,"2024-04-18 13:37:25",12000.00,23,0,649,CLARO,Simples
17688,"2024-04-18 13:36:26",10000.00,9,0,30,CLARO,Desconhecido
17687,"2024-04-18 13:35:09",40000.00,50,0,268,CLARO,Simples
17686,"2024-04-18 13:34:13",20000.00,15,1,673,CLARO,Desconhecido
17685,"2024-04-18 13:33:05",15000.00,10,0,30,CLARO,Desconhecido
17684,"2024-04-18 13:28:08",15000.00,10,0,30,CLARO,Desconhecido
17683,"2024-04-18 13:26:21",40000.00,8,0,30,CLARO,Desconhecido
17682,"2024-04-18 13:24:40",80000.00,9,1,30,CLARO,Desconhecido
17681,"2024-04-18 13:23:00",20000.00,9,0,30,CLARO,Desconhecido
17680,"2024-04-18 13:21:37",2000.00,28,0,280,CLARO,Simples
17679,"2024-04-18 13:19:39",8000.00,13,0,30,CLARO,Desconhecido
17678,"2024-04-18 13:18:09",5000.00,20,2,663,CLARO,Simples
17677,"2024-04-18 13:16:45",10000.00,12,1,30,CLARO,Desconhecido
17676,"2024-04-18 13:15:14",30000.00,27,2,425,CLARO,Simples
17675,"2024-04-18 13:13:20",10000.00,20,3,665,CLARO,Desconhecido
17674,"2024-04-18 13:12:02",3000.00,16,1,642,CLARO,Simples
17673,"2024-04-18 13:09:57",5000.00,32,1,642,CLARO,Simples
17672,"2024-04-18 13:08:20",20000.00,11,0,30,CLARO,Desconhecido
17671,"2024-04-18 13:04:48",3000.00,14,0,421,CLARO,Simples
17670,"2024-04-18 13:02:59",25000.00,14,0,30,CLARO,Desconhecido
17669,"2024-04-18 13:00:33",15000.00,9,0,30,CLARO,Desconhecido
17668,"2024-04-18 12:59:37",5000.00,12,0,272,CLARO,Simples
18143,"2024-04-18 12:58:32",7000.00,8,0,30,CLARO,Desconhecido
17666,"2024-04-18 12:47:49",100000.00,7,0,30,CLARO,Desconhecido
16525,"2024-04-18 12:46:52",70000.00,9,0,30,CLARO,Desconhecido
17664,"2024-04-18 12:45:56",300000.00,20,0,526,CLARO,Simples
17663,"2024-04-18 12:44:25",15000.00,7,0,30,CLARO,Desconhecido
17662,"2024-04-18 12:43:14",3000.00,7,0,30,CLARO,Desconhecido
17661,"2024-04-18 12:42:30",5000.00,6,0,30,CLARO,Desconhecido
17660,"2024-04-18 12:41:09",5000.00,6,0,30,CLARO,Desconhecido
17659,"2024-04-18 12:35:10",10000.00,7,0,30,CLARO,Desconhecido
17658,"2024-04-18 12:34:15",20000.00,7,0,30,CLARO,Desconhecido
17657,"2024-04-18 12:33:22",10000.00,7,0,30,CLARO,Desconhecido
17656,"2024-04-18 12:29:47",50000.00,7,0,30,CLARO,Desconhecido
17655,"2024-04-18 12:29:06",35000.00,7,0,30,CLARO,Desconhecido
17654,"2024-04-18 12:28:09",25000.00,7,0,30,CLARO,Desconhecido
17653,"2024-04-18 12:27:06",5000.00,7,0,30,CLARO,Desconhecido
17652,"2024-04-18 12:26:16",15000.00,7,0,30,CLARO,Desconhecido
17651,"2024-04-18 12:25:13",5000.00,7,0,30,CLARO,Desconhecido
17650,"2024-04-18 12:24:11",9000.00,7,0,30,CLARO,Desconhecido
17649,"2024-04-18 12:22:47",9000.00,7,0,30,CLARO,Desconhecido
17648,"2024-04-18 12:20:51",10000.00,7,0,30,CLARO,Desconhecido
17647,"2024-04-18 12:20:06",10000.00,7,0,30,CLARO,Desconhecido
17646,"2024-04-18 12:18:56",15000.00,7,0,30,CLARO,Desconhecido
17645,"2024-04-18 12:18:01",80000.00,7,0,30,CLARO,Desconhecido
17644,"2024-04-18 10:51:22",200000.00,7,0,30,CLARO,Desconhecido
17643,"2024-04-18 10:50:13",10000.00,7,0,30,CLARO,Desconhecido
17642,"2024-04-18 10:48:37",20000.00,7,0,30,CLARO,Desconhecido
17641,"2024-04-18 10:46:05",40000.00,7,0,30,CLARO,Desconhecido
17640,"2024-04-18 10:44:59",10000.00,7,0,30,CLARO,Desconhecido
17639,"2024-04-18 10:44:13",15000.00,8,0,30,CLARO,Desconhecido
17638,"2024-04-18 10:43:14",50000.00,7,0,30,CLARO,Desconhecido
17637,"2024-04-18 10:41:00",10000.00,8,0,30,CLARO,Desconhecido
17636,"2024-04-18 10:40:03",15000.00,8,0,30,CLARO,Desconhecido
17635,"2024-04-18 10:37:32",5000.00,8,0,30,CLARO,Desconhecido
17634,"2024-04-18 10:36:33",10000.00,8,0,30,CLARO,Desconhecido
17633,"2024-04-18 10:35:12",5000.00,7,0,30,CLARO,Desconhecido
17632,"2024-04-18 10:32:50",10000.00,7,0,30,CLARO,Desconhecido
17631,"2024-04-18 10:31:50",30000.00,7,0,30,CLARO,Desconhecido
17630,"2024-04-18 10:30:37",10000.00,7,0,30,CLARO,Desconhecido
17629,"2024-04-18 10:29:23",7000.00,8,0,30,CLARO,Desconhecido
17628,"2024-04-18 10:24:33",5000.00,7,0,30,CLARO,Desconhecido
17627,"2024-04-18 10:22:37",20000.00,8,0,30,CLARO,Desconhecido
17626,"2024-04-18 10:21:38",10000.00,8,0,30,CLARO,Desconhecido
17625,"2024-04-18 10:20:04",20000.00,8,0,30,CLARO,Desconhecido
17624,"2024-04-18 10:18:51",15000.00,8,0,30,CLARO,Desconhecido
17623,"2024-04-18 10:17:52",7000.00,8,0,30,CLARO,Desconhecido
17622,"2024-04-18 10:16:38",20000.00,8,0,30,CLARO,Desconhecido
17621,"2024-04-18 10:10:07",5000.00,8,0,30,CLARO,Desconhecido
17620,"2024-04-18 10:09:10",25000.00,8,0,30,CLARO,Desconhecido
17619,"2024-04-18 10:05:39",15000.00,8,0,30,CLARO,Desconhecido
17618,"2024-04-18 10:03:37",15000.00,9,0,30,CLARO,Desconhecido
17617,"2024-04-18 10:02:25",15000.00,10,0,30,CLARO,Desconhecido
17616,"2024-04-18 10:00:39",20000.00,9,0,30,CLARO,Desconhecido
17615,"2024-04-18 09:59:05",20000.00,8,0,30,CLARO,Desconhecido
17614,"2024-04-18 09:57:27",10000.00,7,0,30,CLARO,Desconhecido
17613,"2024-04-18 09:56:33",20000.00,8,0,30,CLARO,Desconhecido
17612,"2024-04-18 09:55:45",10000.00,8,0,30,CLARO,Desconhecido
17611,"2024-04-18 09:50:09",20000.00,8,0,30,CLARO,Desconhecido
17610,"2024-04-18 09:48:31",35000.00,8,0,30,CLARO,Desconhecido
17609,"2024-04-18 09:43:36",30000.00,8,0,30,CLARO,Desconhecido
17608,"2024-04-18 09:41:57",15000.00,9,0,30,CLARO,Desconhecido
17607,"2024-04-18 09:33:55",25000.00,9,0,30,CLARO,Desconhecido
17606,"2024-04-18 09:32:46",15000.00,9,0,30,CLARO,Desconhecido
17605,"2024-04-18 09:31:44",15000.00,9,0,30,CLARO,Desconhecido
17604,"2024-04-18 09:30:19",40000.00,10,0,30,CLARO,Desconhecido
17603,"2024-04-18 09:28:40",20000.00,9,0,30,CLARO,Desconhecido
17602,"2024-04-18 09:25:45",60000.00,9,0,30,CLARO,Desconhecido
17601,"2024-04-18 09:23:14",15000.00,9,0,30,CLARO,Desconhecido
17600,"2024-04-18 09:20:17",15000.00,9,0,30,CLARO,Desconhecido
17599,"2024-04-18 09:18:57",40000.00,9,0,30,CLARO,Desconhecido
17598,"2024-04-17 16:32:48",50000.00,8,0,30,CLARO,Desconhecido
17597,"2024-04-17 16:30:47",25000.00,9,0,30,CLARO,Desconhecido
17596,"2024-04-17 16:29:53",20000.00,9,0,30,CLARO,Desconhecido
17595,"2024-04-17 16:26:18",5000.00,9,0,30,CLARO,Desconhecido
17594,"2024-04-17 16:24:46",6000.00,7,0,30,CLARO,Desconhecido
17593,"2024-04-17 16:23:09",10000.00,8,0,30,CLARO,Desconhecido
17592,"2024-04-17 16:22:20",15000.00,8,0,30,CLARO,Desconhecido
17591,"2024-04-17 16:20:46",40000.00,8,0,30,CLARO,Desconhecido
17590,"2024-04-17 16:19:16",50000.00,8,0,30,CLARO,Desconhecido
17589,"2024-04-17 16:18:11",20000.00,8,0,30,CLARO,Desconhecido
17588,"2024-04-17 16:16:12",8000.00,8,0,30,CLARO,Desconhecido
17587,"2024-04-17 16:15:18",10000.00,8,0,30,CLARO,Desconhecido
17586,"2024-04-17 16:14:01",8000.00,8,0,30,CLARO,Desconhecido
17585,"2024-04-17 16:08:24",150000.00,8,0,30,CLARO,Desconhecido
17584,"2024-04-17 16:07:06",70000.00,8,0,30,CLARO,Desconhecido
17583,"2024-04-17 16:05:11",4000.00,8,0,30,CLARO,Desconhecido
17582,"2024-04-17 16:04:18",40000.00,8,0,30,CLARO,Desconhecido
17581,"2024-04-17 16:02:41",4000.00,8,0,30,CLARO,Desconhecido
17580,"2024-04-17 15:51:00",60000.00,8,0,30,CLARO,Desconhecido
17579,"2024-04-17 15:50:02",60000.00,8,0,30,CLARO,Desconhecido
17578,"2024-04-17 15:33:27",150000.00,8,0,30,CLARO,Desconhecido
17577,"2024-04-17 15:32:14",30000.00,8,0,30,CLARO,Desconhecido
17576,"2024-04-17 15:30:09",20000.00,8,0,30,CLARO,Desconhecido
17575,"2024-04-17 15:17:25",100000.00,10,0,30,CLARO,Desconhecido
17574,"2024-04-17 15:16:20",40000.00,9,0,30,CLARO,Desconhecido
17573,"2024-04-17 15:14:55",40000.00,9,0,30,CLARO,Desconhecido
17572,"2024-04-17 15:12:50",5000.00,9,0,30,CLARO,Desconhecido
17571,"2024-04-17 15:11:45",8000.00,10,0,30,CLARO,Desconhecido
17570,"2024-04-17 15:09:13",5000.00,10,0,30,CLARO,Desconhecido
17569,"2024-04-17 15:08:18",140000.00,8,0,30,CLARO,Desconhecido
17568,"2024-04-17 15:06:53",6000.00,8,0,30,CLARO,Desconhecido
17567,"2024-04-17 15:05:53",10000.00,8,0,30,CLARO,Desconhecido
17566,"2024-04-17 15:04:55",75000.00,9,0,30,CLARO,Desconhecido
17565,"2024-04-17 15:02:51",30000.00,8,0,30,CLARO,Desconhecido
17564,"2024-04-17 15:01:47",10000.00,7,0,30,CLARO,Desconhecido
17563,"2024-04-17 15:00:54",40000.00,8,0,30,CLARO,Desconhecido
17557,"2024-04-17 14:59:45",8000.00,8,0,30,CLARO,Desconhecido
17562,"2024-04-17 14:58:22",10000.00,8,0,30,CLARO,Desconhecido
17561,"2024-04-17 14:57:22",30000.00,7,0,30,CLARO,Desconhecido
17560,"2024-04-17 14:56:00",40000.00,7,0,30,CLARO,Desconhecido
17559,"2024-04-17 14:54:51",30000.00,9,0,30,CLARO,Desconhecido
17558,"2024-04-17 14:53:21",20000.00,9,0,30,CLARO,Desconhecido
17556,"2024-04-17 14:52:34",20000.00,13,0,691,CLARO,Simples
17555,"2024-04-17 14:51:19",40000.00,7,0,30,CLARO,Desconhecido
17554,"2024-04-17 14:50:29",50000.00,9,0,30,CLARO,Desconhecido
17553,"2024-04-17 14:48:46",40000.00,9,0,30,CLARO,Desconhecido
17552,"2024-04-17 14:47:39",13000.00,10,0,30,CLARO,Desconhecido
17551,"2024-04-17 14:46:43",35000.00,9,0,30,CLARO,Desconhecido
17550,"2024-04-17 14:45:42",90000.00,8,0,30,CLARO,Desconhecido
17549,"2024-04-17 14:43:20",120000.00,8,0,30,CLARO,Desconhecido
17548,"2024-04-17 14:41:42",40000.00,9,0,30,CLARO,Desconhecido
17547,"2024-04-17 14:40:44",150000.00,9,0,30,CLARO,Desconhecido
17546,"2024-04-17 14:39:07",10000.00,7,0,30,CLARO,Desconhecido
17545,"2024-04-17 14:39:05",0.00,65,0,412,COYOTE ALIMENTACAO LTDA,Simples
17544,"2024-04-17 14:38:11",13000.00,7,0,30,CLARO,Desconhecido
17543,"2024-04-17 14:37:23",15000.00,9,0,30,CLARO,Desconhecido
17542,"2024-04-17 14:36:22",30000.00,9,0,30,CLARO,Desconhecido
17541,"2024-04-17 14:27:05",200000.00,9,0,30,CLARO,Desconhecido
17540,"2024-04-17 14:25:14",20000.00,8,0,30,CLARO,Desconhecido
17539,"2024-04-17 14:24:21",40000.00,8,0,30,CLARO,Desconhecido
17538,"2024-04-17 14:23:04",70000.00,7,0,588,CLARO,Simples
17537,"2024-04-17 14:21:47",30000.00,8,0,30,CLARO,Desconhecido
17536,"2024-04-17 14:20:30",40000.00,18,1,245,CLARO,Dobro
17535,"2024-04-17 14:19:18",40000.00,8,0,30,CLARO,Desconhecido
17534,"2024-04-17 14:18:02",60000.00,8,0,30,CLARO,Desconhecido
17533,"2024-04-17 14:16:16",10000.00,9,0,30,CLARO,Desconhecido
17532,"2024-04-17 14:15:13",10000.00,10,0,30,CLARO,Desconhecido
17531,"2024-04-17 14:13:48",30000.00,15,1,30,CLARO,Desconhecido
17530,"2024-04-17 14:12:26",30000.00,9,0,30,CLARO,Desconhecido
17529,"2024-04-17 14:11:02",10000.00,9,0,30,CLARO,Desconhecido
17528,"2024-04-17 14:10:08",50000.00,9,0,30,CLARO,Desconhecido
17527,"2024-04-17 14:08:54",10000.00,8,0,30,CLARO,Desconhecido
17526,"2024-04-17 14:07:54",30000.00,9,0,30,CLARO,Desconhecido
17525,"2024-04-17 14:06:33",300000.00,12,0,30,CLARO,Desconhecido
17524,"2024-04-17 14:04:30",30000.00,8,0,30,CLARO,Desconhecido
17523,"2024-04-17 14:03:08",150000.00,14,0,30,CLARO,Desconhecido
17522,"2024-04-17 14:01:24",30000.00,10,0,30,CLARO,Desconhecido
17521,"2024-04-17 14:00:30",400000.00,20,0,30,CLARO,Desconhecido
17520,"2024-04-17 13:57:53",200000.00,8,0,30,CLARO,Desconhecido
17519,"2024-04-17 13:56:17",150000.00,8,0,30,CLARO,Desconhecido
17518,"2024-04-17 13:53:20",20000.00,8,0,30,CLARO,Desconhecido
17517,"2024-04-17 13:52:13",100000.00,9,0,30,CLARO,Desconhecido
17516,"2024-04-17 13:49:56",40000.00,9,0,30,CLARO,Desconhecido
17515,"2024-04-17 13:48:06",100000.00,21,1,245,CLARO,Dobro
17514,"2024-04-17 13:46:26",200000.00,8,0,30,CLARO,Desconhecido
17513,"2024-04-17 13:43:15",12000.00,9,0,30,CLARO,Desconhecido
17512,"2024-04-17 13:41:53",24000.00,10,0,30,CLARO,Desconhecido
17511,"2024-04-17 08:47:28",0.00,52,0,-318,COYOTE ALIMENTACAO LTDA,Simples
17510,"2024-04-08 00:00:00",19500.00,22,0,30,VIA S.A.,Desconhecido
17505,"2024-03-26 00:00:00",0.00,7,0,30,ZARA DO BRASIL LTDA,Desconhecido
17506,"2024-03-26 00:00:00",0.00,7,0,30,ZARA DO BRASIL LTDA,Desconhecido
17507,"2024-03-26 00:00:00",0.00,5,0,30,ZARA DO BRASIL LTDA,Desconhecido
17508,"2024-03-26 00:00:00",0.00,5,0,30,ZARA DO BRASIL LTDA,Desconhecido
17509,"2024-03-26 00:00:00",0.00,6,0,30,ZARA DO BRASIL LTDA,Desconhecido
17498,"2024-03-25 00:00:00",550.00,9,0,30,OI,Desconhecido
17499,"2024-03-25 00:00:00",250.00,5,0,30,OI,Desconhecido
17500,"2024-03-25 00:00:00",180.00,9,0,30,OI,Desconhecido
17501,"2024-03-25 00:00:00",15.00,8,0,30,OI,Desconhecido
17502,"2024-03-25 00:00:00",15.00,5,0,30,OI,Desconhecido
17503,"2024-03-25 00:00:00",25.00,8,0,30,OI,Desconhecido
17504,"2024-03-25 00:00:00",2.00,5,0,30,OI,Desconhecido
17487,"2024-03-22 00:00:00",0.00,9,0,30,LEICOS FOOD COMERCIO DE ALIMENTOS LTDA,Desconhecido
17488,"2024-03-22 00:00:00",800.00,10,0,30,OI,Desconhecido
17489,"2024-03-22 00:00:00",750.00,11,0,30,OI,Desconhecido
17490,"2024-03-22 00:00:00",750.00,11,0,30,OI,Desconhecido
17491,"2024-03-22 00:00:00",450.00,11,0,30,OI,Desconhecido
17492,"2024-03-22 00:00:00",320.00,89,0,30,OI,Desconhecido
17493,"2024-03-22 00:00:00",200.00,10,0,30,OI,Desconhecido
17494,"2024-03-22 00:00:00",50.00,12,0,30,OI,Desconhecido
17495,"2024-03-22 00:00:00",10.00,10,0,30,OI,Desconhecido
17496,"2024-03-22 00:00:00",1.00,10,0,30,OI,Desconhecido
17497,"2024-03-22 00:00:00",1.00,12,0,30,OI,Desconhecido
17457,"2024-03-21 00:00:00",10000.00,11,0,30,OI,Desconhecido
17458,"2024-03-21 00:00:00",2800.00,6,0,30,OI,Desconhecido
17459,"2024-03-21 00:00:00",2500.00,14,0,30,OI,Desconhecido
17460,"2024-03-21 00:00:00",1350.00,13,0,30,OI,Desconhecido
17461,"2024-03-21 00:00:00",1200.00,12,0,30,OI,Desconhecido
17462,"2024-03-21 00:00:00",1000.00,6,0,30,OI,Desconhecido
17463,"2024-03-21 00:00:00",850.00,6,0,30,OI,Desconhecido
17464,"2024-03-21 00:00:00",650.00,10,0,30,OI,Desconhecido
17465,"2024-03-21 00:00:00",450.00,10,0,30,OI,Desconhecido
17466,"2024-03-21 00:00:00",350.00,14,0,30,OI,Desconhecido
17467,"2024-03-21 00:00:00",350.00,12,0,30,OI,Desconhecido
17468,"2024-03-21 00:00:00",200.00,12,0,30,OI,Desconhecido
17469,"2024-03-21 00:00:00",200.00,12,0,30,OI,Desconhecido
17470,"2024-03-21 00:00:00",150.00,8,0,30,OI,Desconhecido
17471,"2024-03-21 00:00:00",150.00,6,0,30,OI,Desconhecido
17472,"2024-03-21 00:00:00",120.00,8,0,30,OI,Desconhecido
17473,"2024-03-21 00:00:00",70.00,13,0,30,OI,Desconhecido
17474,"2024-03-21 00:00:00",70.00,7,0,30,OI,Desconhecido
17475,"2024-03-21 00:00:00",60.00,10,0,30,OI,Desconhecido
17476,"2024-03-21 00:00:00",50.00,13,0,30,OI,Desconhecido
17477,"2024-03-21 00:00:00",50.00,6,0,30,OI,Desconhecido
17478,"2024-03-21 00:00:00",30.00,6,0,30,OI,Desconhecido
17479,"2024-03-21 00:00:00",25.00,9,0,30,OI,Desconhecido
17480,"2024-03-21 00:00:00",25.00,7,0,30,OI,Desconhecido
17481,"2024-03-21 00:00:00",25.00,7,0,30,OI,Desconhecido
17482,"2024-03-21 00:00:00",20.00,9,0,30,OI,Desconhecido
17483,"2024-03-21 00:00:00",20.00,9,0,30,OI,Desconhecido
17484,"2024-03-21 00:00:00",5.00,11,0,30,OI,Desconhecido
17485,"2024-03-21 00:00:00",5.00,6,0,30,OI,Desconhecido
17486,"2024-03-21 00:00:00",4.00,11,0,30,OI,Desconhecido
17456,"2024-03-19 00:00:00",5000.00,11,0,30,CLARO,Desconhecido
17447,"2024-03-18 00:00:00",2600.00,14,0,30,OI,Desconhecido
17448,"2024-03-18 00:00:00",1500.00,7,0,30,OI,Desconhecido
17449,"2024-03-18 00:00:00",1300.00,7,0,30,OI,Desconhecido
17450,"2024-03-18 00:00:00",900.00,7,0,30,OI,Desconhecido
17451,"2024-03-18 00:00:00",700.00,7,0,30,OI,Desconhecido
17452,"2024-03-18 00:00:00",300.00,7,0,30,OI,Desconhecido
17453,"2024-03-18 00:00:00",300.00,7,0,30,OI,Desconhecido
17454,"2024-03-18 00:00:00",150.00,7,0,30,OI,Desconhecido
17455,"2024-03-18 00:00:00",80.00,7,0,30,OI,Desconhecido
