"id_requisicao","num_movimentacoes","num_anexos","valor_estimado","dias_em_processamento","passou_distribuidora","id_tipo_irregularidade","id_subtipo_irregularidade","tem_descricao","tem_link_fatura","tem_periodos","avancou"
16226,50,0,433000.00,1012,0,4,10,1,1,1,1
16227,15,0,308000.00,1012,0,0,0,0,1,1,0
16231,49,0,9500.00,1012,0,7,25,1,1,1,1
16232,18,0,7000.00,1012,0,4,10,1,1,1,0
16234,16,0,5000.00,1012,0,4,10,1,1,1,0
16235,13,0,2500.00,1012,0,7,25,1,1,1,0
16236,14,0,2000.00,1012,0,5,22,1,1,1,0
16245,10,0,200.00,1012,0,7,25,1,1,1,0
16256,47,0,215604.00,1005,0,5,22,1,1,1,1
16257,47,0,560000.00,1004,0,5,9,1,1,1,1
16259,6,0,62892.52,1004,0,7,11,1,1,1,1
16261,78,0,2390653.00,1004,0,7,25,1,1,1,1
16264,75,0,17000.00,1004,0,7,25,1,1,1,1
16265,13,0,9000.00,1004,0,7,25,1,1,1,1
16267,71,0,82682.00,1004,0,3,1,1,1,1,1
16268,39,0,7000.00,1004,0,5,16,1,1,1,1
16272,39,0,204084.00,1004,0,7,25,1,1,1,1
16274,52,0,2000.00,1004,0,7,29,1,1,1,1
16275,44,0,2000.00,1004,0,7,29,1,1,1,1
16276,38,0,2000.00,1004,0,7,29,1,1,1,1
16277,28,0,2000.00,1004,0,7,29,1,1,1,1
16278,41,0,2000.00,1004,0,7,29,1,1,1,1
16279,57,0,2000.00,1004,0,7,29,1,1,1,1
16281,49,0,91624.00,1004,0,3,5,1,1,1,1
16282,56,0,55747.00,1004,0,7,25,1,1,1,1
16284,67,0,150.00,1004,0,7,25,1,1,1,1
16285,58,0,100.00,1004,0,7,25,1,1,1,1
16287,60,0,2.00,1004,0,1,36,1,1,1,1
16302,85,0,5000.00,1001,0,7,11,1,1,1,1
16303,70,0,5000.00,1001,0,2,4,1,1,1,1
16304,146,0,2000.00,1001,0,2,4,1,1,1,1
16305,84,0,3000.00,1000,0,7,11,1,1,1,1
16313,34,4,3500.00,999,0,5,22,1,1,1,1
16314,66,0,3000.00,999,0,2,4,1,1,1,1
16316,47,0,30000.00,998,0,2,4,1,1,1,1
16317,79,0,25000.00,998,0,2,4,1,1,1,1
16318,62,0,15000.00,998,0,2,4,1,1,1,1
16319,53,0,10000.00,998,0,3,5,1,1,1,1
16321,36,1,14000.00,995,0,2,4,1,1,1,1
16322,31,0,12000.00,995,0,7,11,1,1,1,1
16325,54,0,5000.00,995,0,2,4,1,1,1,1
16327,80,0,400.00,995,0,7,25,1,1,1,1
16328,41,0,100.00,995,0,5,22,1,1,1,1
16329,48,0,15000.00,994,0,2,4,1,1,1,1
16331,49,0,6000.00,994,0,3,5,1,1,1,1
16332,13,0,0.00,994,0,6,2,1,1,1,0
16337,47,0,20000.00,987,0,2,4,1,1,1,1
16338,45,0,12000.00,987,0,2,4,1,1,1,1
16340,53,0,9000.00,986,0,7,25,1,1,1,1
16341,40,0,8000.00,986,0,7,25,1,1,1,1
16342,60,0,6000.00,986,0,2,4,1,1,1,1
16343,51,0,50000.00,984,0,3,6,1,1,1,1
16346,37,0,20000.00,984,0,7,11,1,1,1,1
16350,54,0,10000.00,984,0,2,4,1,1,1,1
16353,45,0,5000.00,984,0,2,4,1,1,1,1
16372,51,0,5000.00,981,0,2,4,1,1,1,1
16386,26,0,1800.00,981,0,2,4,1,1,1,1
16387,68,0,400.00,981,0,5,22,1,1,1,1
16408,43,0,4500.00,980,0,2,4,1,1,1,1
16409,26,2,4000.00,980,0,2,4,1,1,1,1
16411,38,0,4000.00,980,0,2,4,1,1,1,1
16412,61,0,4000.00,980,0,2,4,1,1,1,1
16413,34,0,3500.00,980,0,2,4,1,1,1,1
16414,64,0,3000.00,980,0,2,4,1,1,1,1
16415,26,0,2000.00,980,0,2,4,1,1,1,1
16416,35,0,2000.00,980,0,2,4,1,1,1,1
16418,52,0,1500.00,980,0,2,4,1,1,1,1
16419,53,0,1200.00,980,0,2,4,1,1,1,1
16420,23,0,200000.00,979,0,3,5,1,1,1,0
16421,20,0,100000.00,979,0,3,5,1,1,1,0
16424,57,0,20000.00,979,0,3,5,1,1,1,1
16425,26,0,12000.00,979,0,7,11,1,1,1,1
16426,50,0,12000.00,979,0,2,4,1,1,1,1
16431,58,0,2200.00,979,0,2,4,1,1,1,1
16441,36,0,2000.00,977,0,2,4,1,1,1,1
16443,46,0,500.00,977,0,2,4,1,1,1,1
16446,31,0,45000.00,974,0,2,4,1,1,1,1
16447,19,0,19000.00,974,0,2,4,1,1,1,1
16452,20,0,24500.00,974,0,2,4,1,1,1,1
16453,25,0,23000.00,974,0,2,4,1,1,1,1
16455,18,0,18000.00,974,0,2,4,1,1,1,1
16476,22,0,6000.00,893,0,5,12,1,1,1,1
16479,30,0,12000.00,973,0,3,5,1,1,1,1
16482,25,1,9000.00,973,0,3,5,1,1,1,1
16483,44,0,10000.00,890,0,2,4,1,1,1,1
16488,24,1,200000.00,972,0,3,6,1,1,1,1
16489,15,0,17000.00,972,0,3,5,1,1,1,1
16498,20,0,5500.00,971,0,2,4,1,1,1,1
16508,34,0,350000.00,966,0,3,6,1,1,1,1
16509,42,0,190000.00,966,0,3,6,1,1,1,1
16510,41,0,140000.00,966,0,3,6,1,1,1,1
16511,49,0,120000.00,966,0,3,6,1,1,1,1
16512,28,0,110000.00,966,0,3,6,1,1,1,1
16514,54,0,80000.00,966,0,3,6,1,1,1,1
16515,62,0,70000.00,966,0,3,6,1,1,1,1
16516,54,0,65000.00,966,0,2,4,1,1,1,1
16526,62,0,18000.00,966,0,2,4,1,1,1,1
16531,23,0,10000.00,966,0,2,4,1,1,1,1
16533,54,0,3000.00,966,0,2,4,1,1,1,1
16534,43,0,5000.00,965,0,2,4,1,1,1,1
16535,44,0,400000.00,958,0,3,6,1,1,1,1
16539,54,0,25000.00,958,0,2,4,1,1,1,1
16540,28,0,22000.00,958,0,7,11,1,1,1,1
16541,32,0,20000.00,958,0,2,4,1,1,1,1
16545,50,2,10400.00,958,0,2,4,1,1,1,1
16547,36,2,10000.00,958,0,2,4,1,1,1,1
16548,37,0,9000.00,958,0,2,4,1,1,1,1
16549,37,2,8000.00,958,0,2,4,1,1,1,1
16550,37,2,7000.00,958,0,2,4,1,1,1,1
16553,38,0,6000.00,958,0,2,4,1,1,1,1
16554,38,2,5500.00,958,0,2,4,1,1,1,1
16555,36,2,5000.00,958,0,2,4,1,1,1,1
16559,40,2,5000.00,958,0,2,4,1,1,1,1
16560,43,2,4000.00,958,0,2,4,1,1,1,1
16563,23,1,10000.00,957,0,2,4,1,1,1,1
16566,24,0,3000.00,957,0,2,4,1,1,1,1
16574,54,0,1000.00,952,0,5,12,1,1,1,1
16575,40,0,1000.00,952,0,5,12,1,1,1,1
16576,7,0,1000.00,952,0,5,12,1,1,1,1
16577,43,0,1000.00,952,0,5,12,1,1,1,1
16578,49,0,1000.00,952,0,5,12,1,1,1,1
16579,25,0,1000.00,952,0,5,12,1,1,1,1
16580,51,0,1000.00,952,0,5,12,1,1,1,1
16581,68,0,1000.00,952,0,2,4,1,1,1,1
16582,46,1,260000.00,950,0,2,4,1,1,1,1
16583,17,0,16000.00,950,0,2,4,1,1,1,1
16594,31,0,20000.00,950,0,2,4,1,1,1,1
16595,45,0,8000.00,950,0,2,4,1,1,1,1
16596,40,0,11000.00,950,0,2,4,1,1,1,1
16597,50,0,6000.00,950,0,2,4,1,1,1,1
16598,38,0,5000.00,950,0,2,4,1,1,1,1
16599,33,0,41000.00,950,0,2,4,1,1,1,1
16601,31,0,8200.00,950,0,2,4,1,1,1,1
16602,34,0,7000.00,950,0,2,4,1,1,1,1
16603,41,0,8000.00,950,0,2,4,1,1,1,1
16604,40,0,20000.00,950,0,2,4,1,1,1,1
16605,54,0,46000.00,950,0,2,4,1,1,1,1
16610,22,0,5000.00,950,0,2,4,1,1,1,1
16612,20,1,6200.00,950,0,2,4,1,1,1,1
16614,27,1,22000.00,950,0,3,5,1,1,1,1
16615,23,2,15000.00,950,0,3,5,1,1,1,1
16618,20,2,26000.00,950,0,3,6,1,1,1,1
16619,26,0,6000.00,950,0,2,4,1,1,1,1
16621,58,0,70000.00,950,0,3,6,1,1,1,1
16622,48,0,34000.00,950,0,2,4,1,1,1,1
16624,16,0,10000.00,608,0,2,4,1,1,1,1
16625,57,0,110000.00,950,0,3,6,1,1,1,1
16628,63,0,100000.00,946,0,3,5,1,1,1,1
16629,64,0,120000.00,946,0,7,11,1,1,1,1
16632,37,0,24000.00,946,0,7,11,1,1,1,1
16634,28,0,10000.00,946,0,2,4,1,1,1,1
16635,25,1,35000.00,946,0,2,4,1,1,1,1
16636,29,0,19000.00,946,0,3,6,1,1,1,1
16637,29,0,17000.00,946,0,2,4,1,1,1,1
16638,22,0,12500.00,946,0,2,4,1,1,1,1
16639,21,0,5000.00,946,0,2,4,1,1,1,1
16644,21,0,25000.00,946,0,2,4,1,1,1,1
16645,18,0,18000.00,946,0,2,4,1,1,1,1
16646,35,0,72000.00,946,0,2,4,1,1,1,1
16647,20,0,15000.00,946,0,2,4,1,1,1,1
16648,31,0,8000.00,946,0,2,4,1,1,1,1
16649,30,0,26000.00,946,0,2,4,1,1,1,1
16650,29,0,7000.00,946,0,2,4,1,1,1,1
16651,18,0,25000.00,945,0,2,4,1,1,1,1
16653,18,0,43862.00,945,0,2,4,1,1,1,1
16654,17,0,90000.00,945,0,2,4,1,1,1,1
16655,47,5,200000.00,945,0,3,6,1,1,1,1
16656,26,0,60000.00,945,0,7,11,1,1,1,1
16657,23,0,38000.00,945,0,2,4,1,1,1,1
16658,30,2,64000.00,945,0,2,4,1,1,1,1
16660,37,4,50000.00,945,0,2,4,1,1,1,1
16662,24,0,30000.00,945,0,2,4,1,1,1,1
16663,22,0,30000.00,945,0,2,4,1,1,1,1
16665,22,0,30000.00,944,0,2,4,1,1,1,1
16666,22,0,6000.00,944,0,2,4,1,1,1,1
16669,23,0,80000.00,944,0,2,4,1,1,1,1
16673,20,0,40000.00,944,0,2,4,1,1,1,1
16679,17,0,15000.00,944,0,2,4,1,1,1,1
16684,28,0,20000.00,944,0,2,4,1,1,1,1
16685,19,0,6000.00,944,0,2,4,1,1,1,1
16686,19,0,26000.00,944,0,2,4,1,1,1,1
16687,23,0,9400.00,944,0,2,4,1,1,1,1
16691,20,0,80000.00,944,0,2,4,1,1,1,1
16693,15,0,44000.00,944,0,2,4,1,1,1,1
16696,17,0,5000.00,944,0,2,4,1,1,1,1
16700,16,0,40000.00,944,0,7,11,1,1,1,1
16702,19,0,9000.00,944,0,2,4,1,1,1,1
16704,22,0,12000.00,944,0,2,4,1,1,1,1
16706,20,0,8500.00,944,0,2,4,1,1,1,1
16711,22,0,10000.00,931,0,2,4,1,1,1,0
16714,10,0,0.00,918,0,1,35,1,1,1,1
16716,13,0,5500.00,917,0,5,8,1,1,1,0
16724,54,0,1000.00,916,0,7,25,1,1,1,1
16725,39,0,14500.00,916,0,7,25,1,1,1,1
16735,43,0,60000.00,915,0,3,5,1,1,1,1
16736,18,0,12000.00,610,0,2,4,1,1,1,1
16741,19,0,5000.00,910,0,2,4,1,1,1,0
16742,19,0,30000.00,910,0,2,4,1,1,1,0
16743,14,0,7000.00,910,0,2,4,1,1,1,0
16745,15,0,121800.00,910,0,2,4,1,1,1,0
16750,35,0,2000.00,907,0,2,4,1,1,1,1
16751,76,0,10000.00,907,0,2,4,1,1,1,1
16752,16,0,4000.00,907,0,2,4,1,1,1,0
16753,31,0,7000.00,907,0,3,6,1,1,1,1
16754,38,0,3000.00,907,0,2,4,1,1,1,1
16757,8,0,1600.00,904,0,6,17,1,1,1,0
16758,15,0,1600.00,904,0,6,17,1,1,1,0
16759,8,0,700.00,904,0,6,17,1,1,1,0
16761,9,0,4700.00,904,0,6,17,1,1,1,0
16762,9,0,1600.00,904,0,6,17,1,1,1,0
16763,58,0,15000.00,904,0,2,4,1,1,1,1
16764,21,0,1500.00,904,0,2,4,1,1,1,1
16767,19,0,3000.00,904,0,2,4,1,1,1,0
16768,17,0,10000.00,904,0,5,12,1,1,1,0
16769,11,0,130000.00,904,0,2,4,1,1,1,0
16770,36,0,6000.00,904,0,2,4,1,1,1,1
16771,17,0,8000.00,903,0,5,12,1,1,1,0
16772,16,0,5000.00,903,0,2,4,1,1,1,0
16773,25,0,3000.00,903,0,2,4,1,1,1,0
16774,28,0,13000.00,903,0,5,12,1,1,1,0
16775,32,0,150000.00,903,0,2,4,1,1,1,1
16776,15,0,8000.00,903,0,2,4,1,1,1,0
16777,17,0,7000.00,903,0,2,4,1,1,1,0
16778,16,0,2000.00,903,0,2,4,1,1,1,0
16779,85,0,5000.00,903,0,2,4,1,1,1,1
16780,16,0,2500.00,903,0,2,4,1,1,1,0
16781,16,0,4000.00,903,0,2,4,1,1,1,0
16782,33,0,35000.00,903,0,2,4,1,1,1,1
16783,16,0,500.00,903,0,2,4,1,1,1,0
16784,16,0,1500.00,903,0,2,4,1,1,1,0
16785,17,0,12000.00,903,0,2,4,1,1,1,0
16786,15,0,11000.00,903,0,2,4,1,1,1,0
16787,35,0,7000.00,903,0,2,4,1,1,1,1
16788,25,0,18000.00,903,0,2,4,1,1,1,0
16790,28,0,1000.00,903,0,2,4,1,1,1,1
16791,11,0,800.00,903,0,6,17,1,1,1,0
16792,12,0,200.00,903,0,6,17,1,1,1,0
16793,10,0,200.00,903,0,6,17,1,1,1,0
16794,8,0,800.00,903,0,6,17,1,1,1,0
16796,39,0,170000.00,902,0,2,4,1,1,1,1
16799,11,0,100.00,902,0,2,4,1,1,1,0
16802,35,0,55000.00,901,0,2,4,1,1,1,1
16827,34,0,550.00,901,0,2,4,1,1,1,1
16843,14,0,48608.07,900,0,5,14,1,1,1,0
16844,17,0,10000.00,897,0,2,4,1,1,1,0
16845,31,0,12000.00,897,0,2,4,1,1,1,0
16846,49,0,2000.00,897,0,2,4,1,1,1,1
16849,21,0,60000.00,897,0,2,4,1,1,1,0
16851,22,0,4000.00,895,0,2,4,1,1,1,0
16853,20,0,4000.00,895,0,2,4,1,1,1,0
16854,25,0,4000.00,895,0,2,4,1,1,1,0
16855,20,0,3000.00,895,0,2,4,1,1,1,0
16856,26,0,5000.00,895,0,2,4,1,1,1,0
16857,24,0,12000.00,895,0,2,4,1,1,1,0
16858,20,0,10000.00,895,0,2,4,1,1,1,0
16859,22,0,20000.00,895,0,2,4,1,1,1,1
16860,25,0,15000.00,895,0,2,4,1,1,1,1
16862,27,0,2000.00,895,0,2,4,1,1,1,1
16863,26,0,3000.00,895,0,2,4,1,1,1,1
16865,25,0,10000.00,895,0,2,4,1,1,1,1
16866,26,0,20000.00,895,0,2,4,1,1,1,1
16867,25,0,50000.00,895,0,2,4,1,1,1,1
16868,25,0,2500.00,895,0,2,4,1,1,1,1
16869,25,0,15000.00,895,0,2,4,1,1,1,1
16870,33,0,15000.00,895,0,2,4,1,1,1,0
16871,24,0,2500.00,895,0,2,4,1,1,1,1
16872,20,0,4000.00,895,0,2,4,1,1,1,0
16873,26,0,9000.00,895,0,2,4,1,1,1,1
16874,26,0,6000.00,895,0,2,4,1,1,1,1
16875,20,0,6000.00,895,0,2,4,1,1,1,0
16884,14,0,30000.00,894,0,2,4,1,1,1,0
16885,54,0,30000.00,894,0,2,4,1,1,1,1
16886,56,0,20000.00,894,0,2,4,1,1,1,1
16887,61,0,6000.00,894,0,2,4,1,1,1,1
16888,75,0,10000.00,894,0,2,4,1,1,1,1
16892,17,0,20000.00,893,0,2,4,1,1,1,0
16893,18,0,5000.00,893,0,2,4,1,1,1,0
16894,18,0,6000.00,893,0,2,4,1,1,1,0
16895,15,0,5000.00,891,0,5,12,1,1,1,0
16896,17,0,6000.00,890,0,5,12,1,1,1,0
16897,18,0,10000.00,890,0,2,4,1,1,1,0
16899,22,0,20000.00,890,0,5,12,1,1,1,0
16900,118,0,10000.00,890,0,5,12,1,1,1,1
16901,19,0,3000.00,610,0,2,4,1,1,1,1
16902,18,0,20000.00,890,0,2,4,1,1,1,1
16903,47,0,3000.00,890,0,5,12,1,1,1,1
16905,34,0,6000.00,890,0,2,4,1,1,1,1
16906,32,0,20000.00,890,0,2,4,1,1,1,0
16907,15,0,6000.00,890,0,2,4,1,1,1,0
16911,30,0,20000.00,890,0,2,4,1,1,1,1
16912,14,0,10000.00,890,0,2,4,1,1,1,0
16913,58,0,6000.00,890,0,2,4,1,1,1,1
16915,10,0,5000.00,890,0,2,4,1,1,1,0
16917,11,0,10000.00,889,0,2,4,1,1,1,0
16918,11,0,6000.00,889,0,5,12,1,1,1,0
16919,11,0,25000.00,889,0,5,12,1,1,1,0
16920,11,0,5000.00,889,0,2,4,1,1,1,0
16921,11,0,5000.00,889,0,2,4,1,1,1,0
16922,11,0,20000.00,889,0,5,12,1,1,1,0
16923,11,0,30000.00,889,0,5,12,1,1,1,0
16924,11,0,50000.00,889,0,5,12,1,1,1,0
16925,11,0,10000.00,889,0,5,12,1,1,1,0
16926,11,0,15000.00,889,0,2,4,1,1,1,0
16927,11,0,50000.00,889,0,2,4,1,1,1,0
16928,11,0,10000.00,889,0,5,12,1,1,1,0
16930,28,1,6000.00,889,0,5,12,1,1,1,1
16931,14,0,30000.00,889,0,2,4,1,1,1,0
16932,17,0,15000.00,889,0,2,4,1,1,1,0
16933,13,0,7000.00,889,0,5,12,1,1,1,0
16935,36,0,30000.00,889,0,5,12,1,1,1,1
16936,18,0,5000.00,889,0,2,4,1,1,1,0
16937,14,0,10000.00,888,0,2,4,1,1,1,0
16941,71,0,18000.00,888,0,2,4,1,1,1,1
16942,13,0,2000.00,888,0,2,4,1,1,1,0
16943,12,0,7000.00,887,0,2,4,1,1,1,0
16944,18,0,3000.00,887,0,2,4,1,1,1,0
16945,46,0,10000.00,887,0,7,11,1,1,1,1
16946,12,0,2000.00,887,0,5,7,1,1,1,0
16947,12,0,1800.00,887,0,5,7,1,1,1,0
16948,12,0,5000.00,887,0,5,7,1,1,1,0
16949,66,0,60000.00,886,0,2,4,1,1,1,1
16950,46,0,40000.00,886,0,2,4,1,1,1,1
16951,28,0,60000.00,886,0,2,4,1,1,1,1
16953,73,0,15000.00,886,0,2,4,1,1,1,1
16954,17,0,1500.00,885,0,5,12,1,1,1,0
16955,51,0,10000.00,885,0,5,12,1,1,1,1
16956,45,0,2000.00,885,0,2,4,1,1,1,1
16957,15,0,2000.00,885,0,5,12,1,1,1,0
16959,23,0,2000.00,883,0,2,4,1,1,1,0
16962,9,0,5000.00,883,0,2,4,1,1,1,1
16964,21,0,6000.00,883,0,2,4,1,1,1,0
16965,18,0,15000.00,883,0,2,4,1,1,1,0
16966,19,0,6000.00,883,0,2,4,1,1,1,0
16967,20,0,40000.00,883,0,5,12,1,1,1,0
16968,20,0,80000.00,883,0,5,12,1,1,1,0
16969,19,0,70000.00,883,0,5,12,1,1,1,0
16970,17,0,4000.00,883,0,5,12,1,1,1,0
16971,19,0,3500.00,883,0,2,4,1,1,1,0
16973,15,0,4000.00,882,0,2,4,1,1,1,0
16976,19,0,4000.00,880,0,2,4,1,1,1,0
16980,52,0,30000.00,880,0,3,6,1,1,1,1
16981,15,0,30000.00,880,0,5,12,1,1,1,0
16982,15,0,18000.00,880,0,5,12,1,1,1,0
16983,32,0,35118.48,880,0,7,11,1,1,1,1
16984,13,0,80000.00,880,0,2,4,1,1,1,0
16985,13,0,30000.00,880,0,5,12,1,1,1,0
16989,58,0,10000.00,879,0,2,4,1,1,1,1
16990,13,0,1000.00,876,0,3,6,1,1,1,0
16991,12,0,10000.00,876,0,5,12,1,1,1,0
16992,12,0,10000.00,876,0,5,12,1,1,1,0
16993,14,0,12000.00,876,0,2,4,1,1,1,0
16994,12,0,1500.00,876,0,2,4,1,1,1,0
16995,12,0,10000.00,876,0,5,12,1,1,1,0
16996,12,0,3000.00,876,0,5,12,1,1,1,0
16997,8,0,2000.00,876,0,5,7,1,1,1,0
16998,13,0,8000.00,876,0,5,7,1,1,1,0
16999,13,0,1300.00,876,0,5,7,1,1,1,0
17000,12,0,10000.00,876,0,5,12,1,1,1,0
17001,13,0,1200.00,876,0,5,7,1,1,1,0
17002,12,0,20000.00,876,0,2,4,1,1,1,0
17003,12,0,20000.00,876,0,5,12,1,1,1,0
17004,13,0,25000.00,876,0,5,12,1,1,1,0
17005,13,0,3500.00,876,0,2,4,1,1,1,0
17007,30,0,5000.00,876,0,2,4,1,1,1,1
17012,8,0,150.00,876,0,6,17,1,1,1,0
17014,14,0,200.00,876,0,5,22,1,1,1,0
17015,12,0,200.00,876,0,5,22,1,1,1,0
17016,12,0,200.00,876,0,5,22,1,1,1,0
17018,16,0,3000.00,875,0,2,4,1,1,1,0
17019,56,0,500.00,875,0,5,12,1,1,1,1
17020,38,0,800.00,875,0,5,7,1,1,1,1
17022,15,0,4000.00,875,0,5,12,1,1,1,0
17023,15,0,1000.00,875,0,5,12,1,1,1,0
17024,86,0,11000.00,875,0,5,12,1,1,1,1
17025,22,0,100.00,875,0,2,4,1,1,1,1
17028,20,0,100.00,875,0,2,4,1,1,1,0
17034,16,0,9000.00,874,0,2,4,1,1,1,0
17035,39,0,3000.00,874,0,2,4,1,1,1,1
17042,15,0,100.00,874,0,2,4,1,1,1,0
17043,11,0,3000.00,873,0,2,4,1,1,1,0
17044,19,0,1000.00,873,0,2,4,1,1,1,0
17045,19,0,1000.00,873,0,5,12,1,1,1,0
17046,19,0,1000.00,873,0,5,12,1,1,1,0
17047,19,0,1000.00,873,0,5,12,1,1,1,0
17048,54,0,1000.00,873,0,5,12,1,1,1,1
17049,19,0,1000.00,873,0,5,12,1,1,1,0
17050,19,0,350.00,873,0,5,12,1,1,1,0
17051,19,0,350.00,873,0,5,12,1,1,1,0
17052,19,0,500.00,873,0,5,12,1,1,1,0
17053,19,0,800.00,873,0,5,12,1,1,1,0
17054,19,0,800.00,873,0,5,12,1,1,1,0
17055,19,0,800.00,873,0,5,12,1,1,1,0
17056,19,0,250.00,873,0,5,12,1,1,1,0
17058,11,0,100.00,873,0,2,4,1,1,1,0
17059,16,0,5000.00,873,0,2,4,1,1,1,0
17060,11,0,5000.00,873,0,2,4,1,1,1,0
17061,27,0,80000.00,873,0,2,4,1,1,1,1
17062,15,0,1000.00,869,0,5,12,1,1,1,0
17064,14,0,15000.00,869,0,5,12,1,1,1,0
17066,17,0,4500.00,869,0,5,12,1,1,1,0
17068,16,0,4500.00,869,0,5,12,1,1,1,1
17070,5,0,0.00,869,0,7,26,1,1,1,1
17078,45,0,1000.00,869,0,7,25,1,1,1,1
17088,11,0,1500.00,861,0,5,12,1,1,1,0
17091,15,0,15000.00,861,0,7,11,1,1,1,0
17092,15,0,0.00,853,0,12,30,1,1,1,1
17093,13,0,4345.00,852,0,7,11,1,1,1,0
17095,12,0,150.00,851,0,7,25,1,1,1,0
17097,30,0,26000.00,845,0,5,12,1,1,1,1
17099,14,0,1000.00,845,0,5,12,1,1,1,1
17102,21,0,3500.00,845,0,5,12,1,1,1,0
17103,20,0,250.00,845,0,5,12,1,1,1,0
17130,10,0,3000.00,839,0,5,12,1,1,1,1
17148,49,0,3000.00,839,0,5,12,1,1,1,1
17149,6,0,0.00,838,0,6,2,1,1,1,0
17156,34,0,20.00,826,0,6,2,1,1,1,1
17157,25,0,100000.00,826,0,5,12,1,1,1,1
17161,8,0,20000.00,824,0,3,5,1,1,1,0
17164,33,0,4000.00,823,0,7,11,1,1,1,1
17166,34,0,4000.00,820,0,2,4,1,1,1,1
17167,8,0,10000.00,817,0,5,12,1,1,1,0
17168,13,0,8000.00,817,0,2,4,1,1,1,0
17169,13,0,2000.00,817,0,2,4,1,1,1,0
17170,17,0,5000.00,817,0,2,4,1,1,1,0
17174,44,0,26000.00,816,0,2,4,1,1,1,1
17177,27,0,1000.00,816,0,2,4,1,1,1,1
17179,13,0,2000.00,816,0,5,12,1,1,1,0
17180,13,0,2000.00,816,0,5,12,1,1,1,0
17181,15,0,8000.00,816,0,2,4,1,1,1,0
17182,14,0,40000.00,816,0,2,4,1,1,1,0
17183,25,0,4000.00,816,0,2,4,1,1,1,1
17192,12,0,50000.00,812,0,2,4,1,1,1,0
17193,15,0,5000.00,812,0,5,12,1,1,1,0
17195,15,0,10000.00,812,0,2,4,1,1,1,0
17196,15,0,2000.00,812,0,2,4,1,1,1,0
17197,9,0,3000.00,812,0,3,6,1,1,1,0
17198,13,0,130000.00,812,0,2,4,1,1,1,0
17210,16,0,1000.00,810,0,2,4,1,1,1,1
17229,7,0,0.00,804,0,5,22,1,1,1,1
17230,20,0,2000.00,803,0,2,4,1,1,1,1
17231,12,0,15000.00,803,0,2,4,1,1,1,0
17232,11,0,100.00,803,0,7,25,1,1,1,0
17243,14,0,1700.00,802,0,2,4,1,1,1,0
17244,14,0,10000.00,802,0,2,4,1,1,1,0
17245,13,0,30000.00,802,0,7,11,1,1,1,0
17246,10,0,40000.00,802,0,5,12,1,1,1,0
17248,29,0,40000.00,802,0,5,12,1,1,1,1
17249,21,0,50000.00,802,0,2,4,1,1,1,0
17251,13,0,8000.00,802,0,2,4,1,1,1,1
17253,29,0,100000.00,799,0,4,10,1,1,1,0
17254,15,0,13000.00,799,0,2,4,1,1,1,0
17255,16,0,80000.00,799,0,2,4,1,1,1,0
17256,7,0,0.00,341,0,5,14,1,1,1,1
17257,13,0,10000.00,799,0,5,12,1,1,1,0
17258,16,0,15000.00,799,0,2,4,1,1,1,0
17259,13,0,16000.00,799,0,2,4,1,1,1,0
17260,43,0,20000.00,799,0,5,12,1,1,1,1
17261,26,0,400000.00,799,0,5,12,1,1,1,1
17270,17,0,50000.00,797,0,2,4,1,1,1,0
17272,12,0,100000.00,797,0,2,4,1,1,1,0
17274,13,0,150000.00,797,0,2,4,1,1,1,0
17275,16,0,50000.00,797,0,2,4,1,1,1,0
17280,132,0,2000.00,795,0,2,4,1,1,1,1
17281,28,0,4000.00,792,0,2,4,1,1,1,1
17285,19,0,2000.00,792,0,2,4,1,1,1,0
17309,10,0,50000.00,791,0,5,12,1,1,1,0
17310,10,0,20000.00,791,0,7,11,1,1,1,0
17311,11,0,120000.00,791,0,5,12,1,1,1,0
17312,11,0,11000.00,789,0,2,4,1,1,1,0
17313,13,0,20000.00,789,0,5,12,1,1,1,0
17314,10,0,10000.00,789,0,5,12,1,1,1,0
17315,10,0,10000.00,789,0,5,12,1,1,1,0
17316,10,0,10000.00,789,0,5,12,1,1,1,0
17317,10,0,10000.00,789,0,5,12,1,1,1,0
17318,11,0,10000.00,789,0,5,12,1,1,1,0
17320,9,0,30000.00,788,0,5,12,1,1,1,0
17321,9,0,16000.00,785,0,2,4,1,1,1,0
17322,9,0,14000.00,785,0,5,12,1,1,1,0
17323,9,0,13000.00,785,0,5,12,1,1,1,0
17324,19,0,70000.00,785,0,2,4,1,1,1,1
17325,20,0,18000.00,785,0,2,4,1,1,1,1
17326,9,0,30000.00,785,0,2,4,1,1,1,0
17329,10,0,6000.00,785,0,5,12,1,1,1,0
17330,9,0,25000.00,785,0,2,4,1,1,1,0
17331,14,0,30000.00,784,0,2,4,1,1,1,0
17332,15,0,9000.00,784,0,5,12,1,1,1,0
17333,20,0,20000.00,784,0,2,4,1,1,1,0
17340,18,0,2500.00,784,0,2,4,1,1,1,0
17363,34,0,3000.00,784,0,2,4,1,1,1,1
17365,57,0,5000.00,784,0,2,4,1,1,1,1
17368,17,0,3400.00,784,0,2,4,1,1,1,0
17369,32,0,24000.00,783,0,7,11,1,1,1,1
17370,13,0,9000.00,783,0,2,4,1,1,1,0
17371,27,0,13000.00,783,0,2,4,1,1,1,0
17372,13,0,0.00,783,0,5,12,1,1,1,0
17374,17,0,0.00,783,0,5,12,1,1,1,0
17378,10,0,5000.00,782,0,5,12,1,1,1,0
17382,16,0,4000.00,778,0,5,12,1,1,1,0
17383,23,0,4000.00,778,0,2,4,1,1,1,0
17384,9,0,30000.00,778,0,3,5,1,1,1,0
17387,11,0,70000.00,754,0,2,4,1,1,1,0
17389,39,0,48000.00,754,0,2,4,1,1,1,1
17390,30,0,40000.00,754,0,2,4,1,1,1,1
17391,16,0,40000.00,754,0,2,4,1,1,1,0
17392,27,0,3930702.00,754,0,2,4,1,1,1,1
17393,9,0,22000.00,754,0,2,4,1,1,1,0
17394,38,0,21000.00,754,0,2,4,1,1,1,1
17395,12,0,19000.00,754,0,2,4,1,1,1,0
17396,95,0,16000.00,754,0,2,4,1,1,1,1
17397,26,0,10000.00,754,0,2,4,1,1,1,1
17398,15,0,10000.00,754,0,2,4,1,1,1,0
17399,12,0,10000.00,754,0,2,4,1,1,1,0
17400,11,0,4000.00,754,0,2,4,1,1,1,0
17401,10,0,2500.00,754,0,2,4,1,1,1,0
17404,43,0,1000.00,754,0,2,4,1,1,1,1
17406,38,0,1000.00,754,0,7,11,1,1,1,1
17409,16,0,473.00,754,0,4,10,1,1,1,0
17410,10,0,6000.00,733,0,7,25,1,1,1,0
17428,10,0,200.00,733,0,7,25,1,1,1,0
17457,11,0,10000.00,726,0,7,25,1,1,1,0
17460,13,0,1350.00,726,0,7,25,1,1,1,0
17461,12,0,1200.00,726,0,7,25,1,1,1,0
17465,10,0,450.00,726,0,7,25,1,1,1,0
17466,14,0,350.00,726,0,7,25,1,1,1,0
17467,12,0,350.00,726,0,7,25,1,1,1,0
17468,12,0,200.00,726,0,7,25,1,1,1,0
17469,12,0,200.00,726,0,7,25,1,1,1,0
17473,13,0,70.00,726,0,7,25,1,1,1,0
17476,13,0,50.00,726,0,7,25,1,1,1,0
17488,10,0,800.00,725,0,7,25,1,1,1,0
17489,11,0,750.00,725,0,7,25,1,1,1,0
17491,11,0,450.00,725,0,7,25,1,1,1,0
17492,89,0,320.00,725,0,7,25,1,1,1,1
17494,12,0,50.00,725,0,7,25,1,1,1,0
17496,10,0,1.00,725,0,7,25,1,1,1,0
17497,12,0,1.00,725,0,7,25,1,1,1,0
17498,9,0,550.00,722,0,7,25,1,1,1,0
17500,9,0,180.00,722,0,7,25,1,1,1,0
17511,52,0,0.00,699,0,2,4,1,1,1,1
17515,21,1,100000.00,699,0,7,11,1,1,1,1
17531,15,1,30000.00,699,0,2,4,1,1,1,1
17536,18,1,40000.00,699,0,2,4,1,1,1,1
17538,7,0,70000.00,699,0,7,11,1,1,1,1
17545,65,0,0.00,699,0,11,27,1,1,1,1
17556,13,0,20000.00,699,0,2,4,1,1,1,1
17664,20,0,300000.00,698,0,2,4,1,1,1,1
17667,14,0,0.00,236,0,7,11,1,1,1,1
17668,12,0,5000.00,698,0,2,4,1,1,1,1
17671,14,0,3000.00,698,0,2,4,1,1,1,1
17673,33,1,5000.00,698,0,2,4,1,1,1,1
17674,16,1,3000.00,698,0,2,4,1,1,1,1
17675,20,3,10000.00,698,0,2,4,1,1,1,1
17676,28,2,30000.00,698,0,2,4,1,1,1,1
17678,20,2,5000.00,698,0,2,4,1,1,1,1
17680,28,0,2000.00,698,0,7,11,1,1,1,1
17686,15,1,20000.00,698,0,2,4,1,1,1,1
17687,50,0,40000.00,698,0,2,4,1,1,1,1
17689,24,0,12000.00,698,0,2,4,1,1,1,1
17690,19,1,8000.00,698,0,2,4,1,1,1,1
17698,16,0,30000.00,698,0,2,4,1,1,1,1
17699,46,0,100000.00,698,0,2,4,1,1,1,1
17701,22,2,55000.00,698,0,2,4,1,1,1,1
17702,21,1,50000.00,698,0,2,4,1,1,1,1
17703,23,2,30000.00,698,0,2,4,1,1,1,1
17705,22,1,6000.00,698,0,2,4,1,1,1,1
17706,26,1,4000.00,698,0,2,4,1,1,1,1
17707,18,2,20000.00,698,0,2,4,1,1,1,1
17709,18,2,70000.00,698,0,2,4,1,1,1,1
17713,11,0,7000.00,697,0,2,4,1,1,1,0
17716,9,0,6000.00,697,0,2,4,1,1,1,0
17717,29,1,9000.00,697,0,2,4,1,1,1,1
17718,12,0,50000.00,697,0,2,4,1,1,1,0
17719,9,0,8000.00,697,0,2,4,1,1,1,0
17720,8,0,30000.00,697,0,2,4,1,1,1,0
17721,8,0,9000.00,697,0,2,4,1,1,1,0
17722,12,0,90000.00,697,0,5,12,1,1,1,0
17723,12,0,15000.00,697,0,2,4,1,1,1,0
17724,8,0,40000.00,697,0,4,10,1,1,1,0
17725,9,0,11000.00,697,0,2,4,1,1,1,1
17727,9,0,5000.00,697,0,2,4,1,1,1,1
17728,14,0,20000.00,697,0,2,4,1,1,1,1
17732,12,1,2000.00,697,0,2,4,1,1,1,1
17733,11,0,6000.00,697,0,2,4,1,1,1,1
17736,11,0,10000.00,697,0,2,4,1,1,1,1
17737,14,0,12000.00,697,0,2,4,1,1,1,1
17739,12,0,6000.00,697,0,2,4,1,1,1,1
17740,12,0,5000.00,697,0,2,4,1,1,1,1
17741,12,0,22000.00,697,0,2,4,1,1,1,1
17742,15,0,10000.00,697,0,2,4,1,1,1,1
17743,10,0,3000.00,697,0,2,4,1,1,1,1
17744,10,0,3000.00,697,0,2,4,1,1,1,1
17745,10,0,20000.00,697,0,2,4,1,1,1,1
17746,9,0,6000.00,697,0,2,4,1,1,1,1
17747,10,0,12000.00,697,0,2,4,1,1,1,1
17748,9,0,8000.00,697,0,2,4,1,1,1,1
17749,12,0,10000.00,697,0,2,4,1,1,1,1
17750,9,0,3000.00,697,0,2,4,1,1,1,1
17755,20,3,7000.00,697,0,2,4,1,1,1,1
17764,14,0,3000.00,697,0,2,4,1,1,1,1
17793,19,0,10000.00,697,0,2,4,1,1,1,1
17810,15,1,15000.00,694,0,2,4,1,1,1,1
17814,16,1,30000.00,687,0,3,5,1,1,1,1
17816,15,0,1000.00,683,0,4,10,1,1,1,0
17823,35,0,40000.00,678,0,3,5,1,1,1,1
17826,13,0,25000.00,673,0,2,4,1,1,1,0
17862,6,0,0.00,662,0,4,10,1,1,1,1
17872,23,0,4000.00,652,0,2,4,1,1,1,1
17873,36,0,3000.00,652,0,2,4,1,1,1,1
17874,23,0,7000.00,652,0,2,4,1,1,1,1
17875,29,0,7000.00,652,0,2,4,1,1,1,1
17876,45,0,15000.00,652,0,2,4,1,1,1,1
17877,34,0,18000.00,652,0,2,4,1,1,1,1
17878,39,0,5000.00,652,0,2,4,1,1,1,1
17879,29,0,5000.00,652,0,2,4,1,1,1,1
17881,30,0,9000.00,652,0,2,4,1,1,1,1
17882,33,0,2500.00,652,0,2,4,1,1,1,1
17884,29,0,4000.00,652,0,2,4,1,1,1,1
17885,33,0,5000.00,652,0,2,4,1,1,1,1
17886,29,0,4000.00,652,0,2,4,1,1,1,1
17887,27,0,10000.00,652,0,2,4,1,1,1,1
17889,23,0,6000.00,652,0,2,4,1,1,1,1
17890,23,0,4000.00,652,0,2,4,1,1,1,1
17892,27,0,8000.00,652,0,2,4,1,1,1,1
17893,27,0,3000.00,652,0,2,4,1,1,1,1
17894,49,0,3000.00,652,0,2,4,1,1,1,1
17895,23,0,4000.00,652,0,2,4,1,1,1,1
17896,33,0,4000.00,652,0,2,4,1,1,1,1
17898,22,0,5000.00,652,0,2,4,1,1,1,1
17899,36,0,22000.00,652,0,2,4,1,1,1,1
17900,32,0,6000.00,652,0,2,4,1,1,1,1
17901,22,0,5000.00,652,0,2,4,1,1,1,1
17902,27,0,4000.00,651,0,2,4,1,1,1,1
17903,31,0,2000.00,651,0,2,4,1,1,1,1
17904,22,0,2000.00,651,0,2,4,1,1,1,1
17906,31,0,7000.00,651,0,2,4,1,1,1,1
17907,30,0,3000.00,651,0,2,4,1,1,1,1
17908,20,0,2000.00,651,0,2,4,1,1,1,1
17909,24,0,20000.00,651,0,2,4,1,1,1,1
17910,25,0,4000.00,649,0,2,4,1,1,1,1
17911,29,0,4000.00,649,0,2,4,1,1,1,1
17912,29,0,2500.00,649,0,2,4,1,1,1,1
17913,29,0,11000.00,649,0,2,4,1,1,1,1
17914,26,0,5000.00,649,0,2,4,1,1,1,1
17916,36,0,2000.00,649,0,2,4,1,1,1,1
17918,35,0,5500.00,649,0,2,4,1,1,1,1
17919,29,0,2000.00,649,0,2,4,1,1,1,1
17920,21,0,5000.00,649,0,2,4,1,1,1,1
17921,24,0,8000.00,649,0,2,4,1,1,1,1
17923,28,0,40000.00,649,0,2,4,1,1,1,1
17925,35,0,5000.00,648,0,2,4,1,1,1,1
17926,30,0,3000.00,648,0,2,4,1,1,1,1
17928,29,0,4000.00,648,0,2,4,1,1,1,1
17931,19,0,4000.00,645,0,2,4,1,1,1,1
17933,25,2,15000.00,644,0,2,4,1,1,1,1
17934,12,0,40000.00,644,0,3,6,1,1,1,1
17937,6,0,30000.00,643,0,5,12,1,1,1,0
17938,6,0,3000.00,643,0,5,12,1,1,1,0
17939,8,0,2000.00,643,0,7,11,1,1,1,0
17940,6,0,2000.00,637,0,2,4,1,1,1,0
17941,7,0,8000.00,637,0,7,11,1,1,1,0
17942,7,0,300.00,637,0,7,11,1,1,1,0
17943,7,0,3000.00,637,0,2,4,1,1,1,0
17944,7,0,300.00,637,0,7,11,1,1,1,0
17945,7,0,3000.00,637,0,2,4,1,1,1,0
17947,16,0,21000.00,635,0,2,4,1,1,1,0
17948,12,0,5000.00,635,0,2,4,1,1,1,0
17949,16,0,100000.00,635,0,2,4,1,1,1,0
17950,15,0,12000.00,635,0,5,12,1,1,1,0
17951,16,0,120000.00,635,0,2,4,1,1,1,0
17952,11,0,16000.00,634,0,2,4,1,1,1,0
17953,13,0,30000.00,634,0,2,4,1,1,1,0
17954,15,0,3000.00,630,0,5,12,1,1,1,0
17955,5,0,13000.00,630,0,2,4,1,1,1,0
17956,13,0,120000.00,630,0,3,6,1,1,1,0
17957,9,0,4000.00,629,0,2,4,1,1,1,0
17958,8,0,6000.00,629,0,7,11,1,1,1,0
17959,12,0,10000.00,629,0,2,4,1,1,1,0
17960,8,0,0.00,627,0,4,10,1,1,1,1
17961,12,0,20000.00,624,0,2,4,1,1,1,0
17962,12,0,10000.00,624,0,5,12,1,1,1,0
17963,37,0,6000.00,624,0,2,4,1,1,1,1
17964,13,0,13000.00,624,0,2,4,1,1,1,0
17965,26,0,30000.00,624,0,3,5,1,1,1,1
17966,6,0,40000.00,624,0,5,12,1,1,1,0
17967,28,0,30000.00,624,0,2,4,1,1,1,0
17968,19,0,6000.00,624,0,5,12,1,1,1,0
17969,6,0,12000.00,624,0,2,4,1,1,1,0
17971,30,0,3000.00,623,0,2,4,1,1,1,0
17973,8,0,13000.00,623,0,2,4,1,1,1,0
17974,14,0,23000.00,622,0,5,12,1,1,1,0
17975,34,0,5000.00,622,0,2,4,1,1,1,1
17976,8,0,20000.00,622,0,2,4,1,1,1,0
17977,17,0,10000.00,622,0,2,4,1,1,1,0
17978,26,0,10000.00,622,0,2,4,1,1,1,1
17979,16,0,8000.00,622,0,2,4,1,1,1,0
17981,16,0,9000.00,622,0,2,4,1,1,1,0
17982,16,0,3000.00,622,0,2,4,1,1,1,0
17983,16,0,16000.00,622,0,2,4,1,1,1,0
17984,8,0,9000.00,622,0,2,4,1,1,1,0
17985,7,0,5000.00,622,0,2,4,1,1,1,0
17986,27,0,10000.00,622,0,2,4,1,1,1,1
17987,16,0,45000.00,621,0,2,4,1,1,1,0
17988,16,0,9000.00,621,0,2,4,1,1,1,0
17989,16,0,5000.00,621,0,2,4,1,1,1,0
17990,11,0,17000.00,621,0,2,4,1,1,1,0
17991,26,0,10000.00,621,0,2,4,1,1,1,1
17992,16,0,26000.00,621,0,2,4,1,1,1,0
17993,16,0,3000.00,621,0,2,4,1,1,1,0
17994,8,0,4000.00,615,0,2,4,1,1,1,0
17995,16,0,7000.00,615,0,2,4,1,1,1,0
17996,8,0,5000.00,615,0,2,4,1,1,1,0
17997,41,0,9000.00,615,0,2,4,1,1,1,1
17998,12,0,8000.00,615,0,2,4,1,1,1,0
17999,8,0,4000.00,615,0,2,4,1,1,1,0
18001,16,0,50000.00,615,0,2,4,1,1,1,0
18011,15,0,9000.00,609,0,2,4,1,1,1,0
18014,10,0,30000.00,608,0,2,4,1,1,1,0
18015,9,0,10000.00,608,0,2,4,1,1,1,0
18016,53,0,10000.00,608,0,2,4,1,1,1,1
18017,15,0,3000.00,608,0,2,4,1,1,1,0
18018,11,0,3512154.00,607,0,5,14,1,1,1,0
18019,15,0,1500.00,607,0,3,5,1,1,1,0
18021,40,0,4500.00,607,0,5,12,1,1,1,1
18022,26,0,7000.00,607,0,5,12,1,1,1,1
18024,15,0,10000.00,607,0,2,4,1,1,1,0
18026,15,0,40000.00,607,0,2,4,1,1,1,0
18027,15,0,13000.00,606,0,2,4,1,1,1,0
18028,15,0,10000.00,606,0,2,4,1,1,1,0
18029,15,0,8000.00,606,0,2,4,1,1,1,0
18030,16,0,3000.00,606,0,2,4,1,1,1,0
18031,19,0,4000.00,606,0,2,4,1,1,1,0
18032,9,0,5000.00,606,0,2,4,1,1,1,0
18034,48,3,249307.00,599,0,3,1,1,1,1,1
18042,14,0,7000.00,888,0,2,4,1,1,1,1
18051,27,0,10000.00,799,0,2,4,1,1,1,1
18079,10,0,6000.00,575,0,2,4,1,1,1,0
18080,7,0,12000.00,575,0,7,11,1,1,1,0
18081,7,0,3000.00,575,0,2,4,1,1,1,0
18082,7,0,5000.00,574,0,2,4,1,1,1,0
18083,12,0,1500.00,574,0,7,11,1,1,1,0
18084,7,0,2000.00,574,0,7,11,1,1,1,0
18085,32,0,20000.00,574,0,7,11,1,1,1,1
18086,7,0,15000.00,574,0,7,11,1,1,1,0
18088,30,0,3000.00,572,0,7,11,1,1,1,1
18090,10,0,2000.00,564,0,2,4,1,1,1,0
18092,11,0,0.00,564,0,7,11,1,1,1,0
18109,27,0,2000.00,539,0,5,8,1,1,1,1
18111,37,0,6000.00,504,0,5,8,1,1,1,1
18113,5,0,10000.00,502,0,5,12,1,1,1,0
18119,13,0,6983.88,489,0,5,12,1,1,1,0
18120,20,0,0.00,484,0,5,8,1,1,1,1
18121,6,0,100.00,477,0,3,5,1,1,1,1
18123,5,0,0.00,453,0,5,7,1,1,1,0
18128,8,0,138296.00,452,0,7,11,1,1,1,0
18142,43,0,1000000.00,433,0,6,15,1,1,1,1
18149,14,0,1864.98,421,0,7,25,1,1,1,0
18151,55,0,0.00,421,0,3,5,1,1,1,1
18162,12,0,0.00,419,0,3,5,1,1,1,0
18163,12,0,0.00,419,0,3,5,1,1,1,0
18167,64,0,6000.00,623,0,5,12,1,1,1,1
18170,40,0,0.00,418,0,4,10,1,1,1,1
18177,29,0,3000.00,623,0,2,4,1,1,1,1
18181,8,0,180000.00,382,0,7,29,1,1,1,0
18182,17,0,1000.00,382,0,7,11,1,1,1,1
18185,13,0,0.00,382,0,3,5,1,1,1,1
18187,18,0,0.00,371,0,3,5,1,1,1,1
18191,8,0,14008.00,364,0,0,0,1,1,1,0
18198,40,0,6000.00,995,0,2,4,1,1,1,1
18210,7,0,0.00,321,0,11,27,1,1,1,1
18227,17,0,7000.00,622,0,2,4,1,1,1,1
18234,40,0,307824.41,195,0,5,12,1,1,1,1
18240,8,0,15000.00,173,0,2,4,1,1,1,0
18244,18,1,18000.00,158,0,5,8,1,1,1,1
18247,7,0,300000.00,155,0,5,8,1,1,1,0
18248,15,1,80000.00,155,0,5,8,1,1,1,1
18252,18,1,40000.00,131,1,2,4,1,1,1,1
18253,17,2,42000.00,131,0,5,8,1,1,1,1
18255,16,1,80000.00,130,0,5,8,1,1,1,1
18276,14,4,30000.00,112,0,2,4,1,0,1,1
18283,11,1,40000.00,90,1,0,0,1,0,1,1
18288,18,1,4000.00,958,0,2,4,1,1,1,1
18291,7,1,600.00,69,0,4,10,1,0,1,1
18292,35,0,50000.00,819,0,7,11,1,1,1,1
18328,15,1,3900.00,0,0,0,0,1,0,1,1
