id_processo,data_criacao,dias_para_deferimento,status_analise,estado,concessionaria,valor_estimado,num_movimentacoes,num_anexos,passou_analise,tipo_irregularidade
18325,2026-02-23 18:11:01,30,Desconhecido,3011766042,COMPANHIA ENERGETICA DE MINAS GERAIS-CEMIG,15604.0,6,0,1,PLEITO GERAL
18324,2026-02-19 14:25:30,30,Desconhecido,W9006292299,ENERGISA MATO GROSSO - DISTRIBUIDORA DE ENERGIA S.A.,45000.0,4,0,1,SCEE
18323,2026-02-19 14:24:49,30,Desconhecido,W9014024085,ENERGISA MATO GROSSO - DISTRIBUIDORA DE ENERGIA S.A.,30000.0,7,0,1,SCEE
18322,2026-02-19 14:23:57,30,Desconhecido,W0016759301,ENERGISA MATO GROSSO - DISTRIBUIDORA DE ENERGIA S.A.,8000.0,6,0,1,SCEE
18321,2026-02-19 14:23:26,30,Desconhecido,W0012731810,ENERGISA MATO GROSSO - DISTRIBUIDORA DE ENERGIA S.A.,10000.0,3,0,1,SCEE
18320,2026-02-19 14:22:31,30,Desconhecido,00002934464,ENERGISA MATO GROSSO - DISTRIBUIDORA DE ENERGIA S.A.,2500.0,5,0,1,SCEE
18319,2026-02-19 14:21:49,30,Desconhecido,00002864179,ENERGISA MATO GROSSO - DISTRIBUIDORA DE ENERGIA S.A.,15000.0,10,0,1,SCEE
18318,2026-02-19 14:21:13,30,Desconhecido,00002810910,ENERGISA MATO GROSSO - DISTRIBUIDORA DE ENERGIA S.A.,20000.0,6,0,1,SCEE
18317,2026-02-19 14:20:32,30,Desconhecido,00002777536,ENERGISA MATO GROSSO - DISTRIBUIDORA DE ENERGIA S.A.,12000.0,7,0,0,SCEE
18316,2026-02-19 14:19:44,30,Desconhecido,00002755190,ENERGISA MATO GROSSO - DISTRIBUIDORA DE ENERGIA S.A.,15000.0,5,0,1,SCEE
18315,2026-02-19 14:18:54,30,Desconhecido,00002700220,ENERGISA MATO GROSSO - DISTRIBUIDORA DE ENERGIA S.A.,2000.0,5,0,1,SCEE
18314,2026-02-19 14:18:12,30,Desconhecido,00002368471,ENERGISA MATO GROSSO - DISTRIBUIDORA DE ENERGIA S.A.,10000.0,7,1,0,SCEE
18313,2026-02-19 14:12:38,30,Desconhecido,00001671455,ENERGISA MATO GROSSO - DISTRIBUIDORA DE ENERGIA S.A.,2000.0,7,1,0,SCEE
18312,2026-02-19 14:10:17,30,Desconhecido,00001333857,ENERGISA MATO GROSSO - DISTRIBUIDORA DE ENERGIA S.A.,25000.0,6,1,0,SCEE
18311,2026-02-19 13:51:10,30,Desconhecido,00001007707,ENERGISA MATO GROSSO - DISTRIBUIDORA DE ENERGIA S.A.,28000.0,7,1,0,SCEE
18310,2026-02-19 13:49:07,30,Desconhecido,00000510014,ENERGISA MATO GROSSO - DISTRIBUIDORA DE ENERGIA S.A.,7000.0,7,1,0,SCEE
18308,2026-02-08 19:59:06,30,Desconhecido,94122288,EDP - ENERGIAS DO BRASIL S.A.,10000.0,11,2,0,COMPENSAÇÃO
18307,2026-02-08 19:05:27,30,Desconhecido,00001681834,ENERGISA MATO GROSSO - DISTRIBUIDORA DE ENERGIA S.A.,20000.0,6,1,0,CONSUMO
18306,2026-02-08 17:51:21,30,Desconhecido,D7081569441,ENERGISA PARAIBA - DISTRIBUIDORA DE ENERGIA S.A,15000.0,8,2,0,COMPENSAÇÃO
18305,2026-02-07 21:16:45,30,Desconhecido,63024365,ELETROPAULO METROPOLITANA ELETRICIDADE DE SAO PAULO S.A.,10000.0,5,0,1,COMPENSAÇÃO
18304,2026-02-07 21:04:38,30,Desconhecido,63022095,ELETROPAULO METROPOLITANA ELETRICIDADE DE SAO PAULO S.A.,20000.0,11,1,1,COMPENSAÇÃO
18303,2026-02-07 20:19:18,30,Desconhecido,W0012731810,ENERGISA MATO GROSSO - DISTRIBUIDORA DE ENERGIA S.A.,20000.0,7,0,0,LEITURA
18302,2026-02-07 20:14:20,30,Desconhecido,2167569,ENERGISA MATO GROSSO - DISTRIBUIDORA DE ENERGIA S.A.,25000.0,11,3,0,FATURAMENTO
18301,2026-02-07 19:44:13,30,Desconhecido,00001333857,ENERGISA MATO GROSSO - DISTRIBUIDORA DE ENERGIA S.A.,30000.0,3,0,1,FATURAMENTO
18300,2026-02-03 12:54:57,30,Desconhecido,43524569,EQUATORIAL MARANHAO DISTRIBUIDORA DE ENERGIA S.A,1306184.83,10,0,1,CONSUMO
18297,2026-01-21 21:12:31,30,Desconhecido,88908477,ENERGISA TOCANTINS DISTRIBUIDORA DE ENERGIA S.A.,200000.0,12,4,0,FATURAMENTO
18291,2026-01-07 14:38:36,30,Desconhecido,1120052273,Equatorial Goias,600.0,7,1,0,DÚVIDA
18290,2026-01-05 16:49:07,30,Desconhecido,529222-0,COMPANHIA ENERGETICA DE BRASILIA,5000.0,7,0,0,IMPOSTOENCARGO
18286,2025-12-23 20:59:23,30,Desconhecido,170093931,Equatorial GO,15000.0,12,0,1,FATURAMENTO
18285,2025-12-19 13:28:25,30,Desconhecido,4003889646,CPFL JAGUARI,0.0,8,0,1,DÚVIDA
18284,2025-12-18 18:08:22,30,Desconhecido,3690007316,Equatorial Goias,50000.0,11,0,1,FATURAMENTO
18283,2025-12-17 14:54:50,47,Desconhecido,9005567,COMPANHIA DE ELETRICIDADE DO ESTADO DA BAHIA COELBA,40000.0,11,1,1,DÚVIDA
18278,2025-12-11 12:52:46,30,Desconhecido,828264299,ENERGISA TOCANTINS DISTRIBUIDORA DE ENERGIA S.A.,35000.0,5,1,0,FATURAMENTO
18277,2025-12-02 12:52:46,30,Desconhecido,W0006781385,ENERGISA MATO GROSSO - DISTRIBUIDORA DE ENERGIA S.A.,25000.0,8,1,0,COMPENSAÇÃO
18276,2025-11-25 20:55:32,35,Desconhecido,2025895729,COMPANHIA PIRATININGA DE FORCA E LUZ,30000.0,14,4,0,COMPENSAÇÃO
18265,2025-11-24 20:11:13,30,Desconhecido,8445672,CPFL ENERGIA S.A.,5000.0,5,1,0,CONSUMO
18258,2025-11-13 18:04:37,30,Desconhecido,39682595,ELEKTRO REDES S.A.,42000.0,10,4,1,FATURAMENTO
18255,2025-11-07 12:49:56,-16,Desconhecido,88908477,ENERGISA TOCANTINS DISTRIBUIDORA DE ENERGIA S.A.,80000.0,16,1,0,FATURAMENTO
18254,2025-11-06 17:21:44,30,Desconhecido,828506913,ENERGISA TOCANTINS DISTRIBUIDORA DE ENERGIA S.A.,42000.0,9,2,0,FATURAMENTO
18253,2025-11-06 17:16:04,32,Desconhecido,828264299,ENERGISA TOCANTINS DISTRIBUIDORA DE ENERGIA S.A.,42000.0,17,2,0,FATURAMENTO
18252,2025-11-06 13:32:46,102,Desconhecido,54921406,ELETROPAULO METROPOLITANA ELETRICIDADE DE SAO PAULO S.A.,40000.0,17,1,1,COMPENSAÇÃO
18251,2025-11-06 12:12:32,30,Desconhecido,58874402,ELETROPAULO METROPOLITANA ELETRICIDADE DE SAO PAULO S.A.,45000.0,9,1,0,COMPENSAÇÃO
18245,2025-10-13 00:00:00,30,Desconhecido,6000073985,ENERGISA TO,30000.0,11,0,0,FATURAMENTO
18246,2025-10-13 00:00:00,30,Desconhecido,3001001870,ENERGISA TO,80000.0,5,0,0,FATURAMENTO
18247,2025-10-13 00:00:00,30,Desconhecido,130409901,ENERGISA TO,300000.0,7,0,0,FATURAMENTO
18248,2025-10-13 00:00:00,9,Desconhecido,W9007763023 ,ENERGISA TO,80000.0,15,1,0,FATURAMENTO
18244,2025-10-10 00:00:00,6,Desconhecido,W9012463502,ENERGISA MT,18000.0,18,1,0,FATURAMENTO
18243,2025-10-07 00:00:00,30,Desconhecido,W9012463502,ENERGISA MT,180000.0,9,0,0,SCEE
18242,2025-09-30 00:00:00,30,Desconhecido,6874825,Celpe (Neoenergia),4000.0,6,0,0,SERVIÇO
18241,2025-09-26 00:00:00,30,Desconhecido,39414493,EDP SP,10000.0,10,0,0,COMPENSAÇÃO
18240,2025-09-25 00:00:00,30,Desconhecido,4668065,NEOENERGIA BRASILIA (CEB),15000.0,8,0,0,COMPENSAÇÃO
16324,2025-09-15 00:00:00,30,Desconhecido,3020317,ENERGISA MT,20000.0,8,0,0,SCEE
18235,2025-09-09 00:00:00,30,Desconhecido,951331,EQUATORIAL PI,0.0,6,0,0,FATURAMENTO
18236,2025-09-09 00:00:00,30,Desconhecido,12329690,EQUATORIAL PI,0.0,14,0,0,FATURAMENTO
18237,2025-09-09 00:00:00,30,Desconhecido,17479266,EQUATORIAL PI,0.0,10,0,0,FATURAMENTO
18238,2025-09-09 00:00:00,30,Desconhecido,45664862,ENEL SP,0.0,8,0,0,SCEE
18234,2025-09-03 00:00:00,-191,Desconhecido,3003293084,CEMIG,307824.41,40,0,0,FATURAMENTO
18233,2025-08-29 00:00:00,30,Desconhecido,57666064 ,ENEL CE,750000.0,14,0,0,SERVIÇO
18232,2025-08-06 00:00:00,30,Desconhecido,9638326,CPFL PAULISTA,0.0,5,0,0,DÚVIDA
18230,2025-08-04 00:00:00,30,Desconhecido,400032751,LIGHT,0.0,7,0,0,DÚVIDA
18231,2025-08-04 00:00:00,30,Desconhecido,420984981,LIGHT,0.0,7,0,0,DÚVIDA
18228,2025-07-29 00:00:00,30,Desconhecido,183896351,SABESP SAO PAULO,0.0,11,0,0,DÚVIDA
18229,2025-07-29 00:00:00,30,Desconhecido,21244,DAE JUNDIAÍ,0.0,8,0,1,LEITURA
17667,2025-07-24 10:47:27,111,Desconhecido,3012139594,CEMIG,0.0,14,0,0,LEITURA
18226,2025-07-23 09:25:14,30,Desconhecido,2091451230,CPFL PIRATININGA,1941.75,9,0,0,CADASTRO
18225,2025-07-22 00:00:00,30,Desconhecido,435104,EQUATORIAL PA,2000.0,11,1,0,FATURAMENTO
18224,2025-07-21 17:26:18,30,Desconhecido,4001177999,CPFL PAULISTA,37086.08,8,0,0,COMPENSAÇÃO
18223,2025-06-26 00:00:00,30,Desconhecido,14017792,EQUATORIAL PI,7500.0,12,0,0,CONSUMO
17665,2025-06-10 00:00:00,30,Desconhecido,200011568,ENEL SP,0.0,7,1,0,COMPENSAÇÃO
18222,2025-06-10 00:00:00,30,Desconhecido,44371470,ELEKTRO SP,0.0,5,0,0,LEITURA
18220,2025-06-09 00:00:00,30,Desconhecido,59932466,ENEL RIO,0.0,7,0,0,SCEE
18218,2025-05-15 00:00:00,30,Desconhecido,2369982,BRK,0.0,6,0,0,CONSUMO
18219,2025-05-15 00:00:00,30,Desconhecido,396926630,SABESP SAO PAULO,0.0,10,0,0,CONSUMO
18217,2025-05-13 00:00:00,30,Desconhecido,1439760,ENEL CE,0.0,6,0,0,FATURAMENTO
18216,2025-05-12 00:00:00,30,Desconhecido,113735,PROLAGOS,0.0,6,0,0,CONSUMO
18213,2025-05-09 00:00:00,30,Desconhecido,15776,SEMAE SÃO JOSE DO RIO PRETO,0.0,5,0,0,CONSUMO
18214,2025-05-09 00:00:00,30,Desconhecido,1896401,ZONA OESTE MAIS SANEAMENTO,0.0,5,0,0,CONSUMO
18215,2025-05-09 00:00:00,30,Desconhecido,10142630,CORSAN,0.0,17,0,0,CONSUMO
18212,2025-05-05 00:00:00,30,Desconhecido,18868171,BRK,0.0,8,0,0,CONSUMO
18211,2025-05-02 00:00:00,30,Desconhecido,1000016414,EQUATORIAL PA,86087.0,5,0,0,FATURAMENTO
18210,2025-04-30 00:00:00,30,Desconhecido,17707218,EQUATORIAL PI,0.0,7,0,0,SCEE
18209,2025-04-28 11:41:57,30,Desconhecido,W9012463502,ENERGISA MT,0.0,9,0,0,SCEE
18208,2025-04-25 18:14:39,30,Desconhecido,W9014024085,ENERGISA MT,0.0,12,0,0,SCEE
18207,2025-04-23 17:18:24,30,Desconhecido,3012455691,CEMIG,0.0,5,0,0,CONSUMO
18206,2025-04-23 17:10:59,30,Desconhecido,3006466228,CEMIG,0.0,5,0,0,CONSUMO
18205,2025-04-23 14:36:03,30,Desconhecido,3020317,ENERGISA MT,0.0,11,0,0,COMPENSAÇÃO
18204,2025-04-23 11:35:05,30,Desconhecido,11762870,COPASA,0.0,5,0,0,CONSUMO
18203,2025-04-23 11:12:10,30,Desconhecido,76959961,COPEL,0.0,5,0,0,LEITURA
18202,2025-04-16 00:00:00,30,Desconhecido,10619734,CELESC,2061.0,9,0,0,COMPENSAÇÃO
18201,2025-04-15 14:54:51,30,Desconhecido,472069,DEMEI,0.0,5,0,0,CONSUMO
18200,2025-04-15 13:06:14,30,Desconhecido,29623812,ELEKTRO SP,0.0,6,0,0,CONSUMO
18199,2025-04-15 11:37:17,30,Desconhecido,12084417,NEOENERGIA BRASILIA (CEB),0.0,5,0,0,CONSUMO
17256,2025-04-10 19:06:21,30,Desconhecido,9010599,ENEL CE,0.0,7,0,0,FATURAMENTO
18197,2025-04-09 12:04:13,30,Desconhecido,2167569,ENERGISA MT,0.0,5,0,0,LEITURA
16366,2025-04-09 12:00:33,30,Desconhecido,1515748,DMAE PORTO ALEGRE,0.0,12,0,0,COMPENSAÇÃO
18195,2025-04-03 17:41:13,30,Desconhecido,251777880,SABESP SAO PAULO,0.0,8,0,0,CONSUMO
18194,2025-04-01 10:15:44,30,Desconhecido,67066739,SABESP SAO PAULO,0.0,15,0,0,CONSUMO
18193,2025-03-25 13:52:11,30,Desconhecido,989390098,SABESP GUARULHOS,0.0,9,0,0,CONSUMO
18192,2025-03-21 10:52:55,30,Desconhecido,20244886,ENEL SP,0.0,5,0,0,CONSUMO
18191,2025-03-18 17:02:32,30,Desconhecido,1017510439,ENERGISA MS,14008.0,8,0,0,DÚVIDA
18190,2025-03-12 09:38:22,30,Desconhecido,5056721,COSANPA,0.0,11,0,0,CONSUMO
18189,2025-03-11 12:25:39,30,Desconhecido,421069239,LIGHT,9.94,6,0,0,COMPENSAÇÃO
18188,2025-03-11 12:14:48,30,Desconhecido,413641251,LIGHT,2204.9,8,0,0,COMPENSAÇÃO
18187,2025-03-11 10:27:09,150,Desconhecido,1014308,BRK MAUÁ,0.0,18,0,0,CONSUMO
18186,2025-03-07 13:37:54,30,Desconhecido,96098651,SABESP SAO PAULO,0.0,13,0,0,CONSUMO
18185,2025-02-28 16:23:43,257,Desconhecido,2436434,SAAE ESTÂNCIA,0.0,13,0,0,CONSUMO
18184,2025-02-28 16:01:00,30,Desconhecido,612510996,ENERGISA MT,0.0,9,0,0,CONSUMO
18183,2025-02-28 15:43:20,30,Desconhecido,413527715,LIGHT,0.0,5,0,0,CONSUMO
18182,2025-02-28 09:07:50,244,Desconhecido,4016124040,ÁGUAS DO RIO,1000.0,17,0,0,LEITURA
18181,2025-02-28 00:00:00,30,Desconhecido,3000540632,EQUATORIAL PI,180000.0,8,0,0,LEITURA
18180,2025-02-26 17:28:27,30,Desconhecido,39414493,EDP SP,0.0,5,0,0,DÚVIDA
18239,2025-02-26 10:50:28,30,Desconhecido,42765,DAAE ARARAQUARA,0.0,7,0,0,CONSUMO
18178,2025-02-26 10:44:38,30,Desconhecido,543268,SANEAGO,0.0,10,0,0,FATURAMENTO
17980,2025-02-26 10:42:10,30,Desconhecido,1002851120,SANEAGO,0.0,9,0,0,DÚVIDA
18176,2025-02-24 16:03:25,30,Desconhecido,192852213,SABESP SAO PAULO,25000.0,12,0,0,CONSUMO
18175,2025-02-24 12:23:54,30,Desconhecido,11479892,NEOENERGIA BRASILIA (CEB),135.0,5,0,0,LEITURA
18174,2025-02-19 17:37:30,30,Desconhecido,200006285,ENEL SP,0.0,5,0,0,CONSUMO
18173,2025-02-11 00:00:00,30,Desconhecido,108956717,SABESP SAO PAULO,1000.0,9,0,0,CONSUMO
18172,2025-02-03 00:00:00,30,Desconhecido,1028596313,ÁGUAS DO RIO,0.0,10,0,0,CONSUMO
18171,2025-01-30 00:00:00,30,Desconhecido,38251221,ELEKTRO SP,0.0,7,0,0,COMPENSAÇÃO
18170,2025-01-23 09:41:06,46,Desconhecido,14017792,EQUATORIAL PI,0.0,40,0,0,DÚVIDA
18020,2025-01-22 00:00:00,30,Desconhecido,312033,SAAE BACABAL,0.0,14,0,0,CONSUMO
18157,2025-01-22 00:00:00,30,Desconhecido,2064588,CAESB,0.0,15,0,0,CONSUMO
18158,2025-01-22 00:00:00,30,Desconhecido,1424955,CAESB,0.0,14,0,0,CONSUMO
18159,2025-01-22 00:00:00,30,Desconhecido,10993347,COPASA,0.0,15,0,0,CONSUMO
18160,2025-01-22 00:00:00,30,Desconhecido,10181,SAAE PIRAPORA,0.0,11,0,0,CONSUMO
18161,2025-01-22 00:00:00,30,Desconhecido,23242567,COMPESA,0.0,12,0,0,CONSUMO
18162,2025-01-22 00:00:00,30,Desconhecido,49603,DESO,0.0,12,0,0,CONSUMO
18163,2025-01-22 00:00:00,30,Desconhecido,2819120,DESO,0.0,12,0,0,CONSUMO
18164,2025-01-22 00:00:00,30,Desconhecido,17907,SAAE LENÇOIS PAULISTA,0.0,14,0,0,CONSUMO
18165,2025-01-22 00:00:00,30,Desconhecido,217748899,SABESP SAO PAULO,0.0,11,0,0,CONSUMO
18166,2025-01-22 00:00:00,30,Desconhecido,106976591,SABESP SAO PAULO,0.0,12,0,0,CONSUMO
18168,2025-01-22 00:00:00,30,Desconhecido,45880,DEMSUR MURIAE,0.0,13,0,0,CONSUMO
18169,2025-01-22 00:00:00,30,Desconhecido,369765982,SABESP SALTO DE PIRAPORA,0.0,17,0,0,CONSUMO
18296,2025-01-22 00:00:00,30,Desconhecido,4414,SAAE CAXIAS,0.0,10,0,0,CONSUMO
18152,2025-01-21 00:00:00,30,Desconhecido,69719152,EMBASA,0.0,10,0,0,CONSUMO
18153,2025-01-21 00:00:00,30,Desconhecido,27975053,EMBASA,0.0,10,0,0,CONSUMO
18154,2025-01-21 00:00:00,30,Desconhecido,25948725,EMBASA,0.0,9,0,0,CONSUMO
18155,2025-01-21 00:00:00,30,Desconhecido,59205598,EMBASA,0.0,9,0,0,CONSUMO
18156,2025-01-21 00:00:00,30,Desconhecido,26499576,EMBASA,0.0,9,0,0,CONSUMO
18295,2025-01-21 00:00:00,30,Desconhecido,2807,SAAE ITAPETINGA,100000.0,12,0,0,CONSUMO
18151,2025-01-20 14:10:44,112,Desconhecido,1058789,DMAE PORTO ALEGRE,0.0,55,0,0,CONSUMO
18150,2025-01-20 14:08:44,30,Desconhecido,23563869,COPASA,0.0,12,0,0,CONSUMO
18149,2025-01-20 10:25:22,30,Desconhecido,16256751,COPEL,1864.98,14,0,0,LEITURA
17972,2025-01-20 00:00:00,30,Desconhecido,1669383,CAERN,0.0,14,0,0,CONSUMO
18007,2025-01-20 00:00:00,30,Desconhecido,2941327,CAERN,0.0,17,0,0,CONSUMO
18013,2025-01-20 00:00:00,30,Desconhecido,3127977,CAERN,0.0,17,0,0,CONSUMO
18148,2025-01-20 00:00:00,30,Desconhecido,1569456,CAERN,0.0,15,0,0,CONSUMO
18144,2025-01-10 14:07:53,30,Desconhecido,3010359820,EQUATORIAL MAR,0.0,5,0,0,FATURAMENTO
17970,2025-01-08 14:43:04,30,Desconhecido,1002851120,SABESP SAO PAULO,1000.0,5,0,0,CONSUMO
18142,2025-01-08 00:00:00,15,Desconhecido,11480076,NEOENERGIA BRASILIA (CEB),1000000.0,43,0,0,IMPOSTOENCARGO
18129,2025-01-03 00:00:00,30,Desconhecido,4003304241,ÁGUAS DO RIO,0.0,12,0,0,CONSUMO
18130,2025-01-03 00:00:00,30,Desconhecido,1006747891,ÁGUAS DO RIO,0.0,13,0,0,CONSUMO
18131,2025-01-03 00:00:00,30,Desconhecido,1019137344,ÁGUAS DO RIO,0.0,11,0,0,CONSUMO
18132,2025-01-03 00:00:00,30,Desconhecido,1006561045,ÁGUAS DO RIO,0.0,11,0,0,CONSUMO
18133,2025-01-03 00:00:00,30,Desconhecido,4003172270,ÁGUAS DO RIO,0.0,11,0,0,CONSUMO
18134,2025-01-03 00:00:00,30,Desconhecido,100665350,ÁGUAS DO RIO,0.0,11,0,0,CONSUMO
18135,2025-01-03 00:00:00,30,Desconhecido,1006653811,ÁGUAS DO RIO,0.0,11,0,0,CONSUMO
18136,2025-01-03 00:00:00,30,Desconhecido,1015587566,ÁGUAS DO RIO,0.0,11,0,0,CONSUMO
18137,2025-01-03 00:00:00,30,Desconhecido,100012491,ÁGUAS DO RIO,0.0,11,0,0,CONSUMO
18138,2025-01-03 00:00:00,30,Desconhecido,4000793950,ÁGUAS DO RIO,0.0,10,0,0,CONSUMO
18139,2025-01-03 00:00:00,30,Desconhecido,4004507447,ÁGUAS DO RIO,0.0,11,0,0,CONSUMO
18140,2025-01-03 00:00:00,30,Desconhecido,4000558268,ÁGUAS DO RIO,0.0,11,0,0,CONSUMO
18141,2025-01-03 00:00:00,30,Desconhecido,400028090,ÁGUAS DO RIO,0.0,11,0,0,CONSUMO
18128,2024-12-20 14:34:53,30,Desconhecido,22153,CERTAJA,138296.0,8,0,0,LEITURA
18127,2024-12-20 14:15:03,30,Desconhecido,248791001,SABESP SAO PAULO,1000.0,15,0,0,CONSUMO
18126,2024-12-19 16:52:03,30,Desconhecido,W9011826709,ENERGISA SE,1000.0,6,0,0,FATURAMENTO
18125,2024-12-19 16:51:20,30,Desconhecido,204377452,ENEL SP,0.0,12,0,0,COMPENSAÇÃO
18124,2024-12-19 16:50:36,30,Desconhecido,85582751,ENEL SP,0.0,10,0,0,COMPENSAÇÃO
18123,2024-12-19 16:50:03,30,Desconhecido,410825767,LIGHT,0.0,5,0,0,FATURAMENTO
18122,2024-11-26 16:53:38,30,Desconhecido,1439760,ENEL CE,0.0,7,0,0,PID
18121,2024-11-25 14:51:57,30,Desconhecido,1006552135,ÁGUAS DO RIO,100.0,6,0,0,CONSUMO
18120,2024-11-18 00:00:00,25,Desconhecido,18452310,ELEKTRO SP,0.0,20,0,0,FATURAMENTO
18119,2024-11-13 16:45:09,30,Desconhecido,3009001091,CEMIG,6983.88,13,0,0,FATURAMENTO
18118,2024-11-06 10:18:34,30,Desconhecido,Todas,EQUATORIAL PI,0.0,34,0,0,SCEE
18117,2024-11-06 10:15:14,30,Desconhecido,11538023,EQUATORIAL PI,0.0,9,0,0,COMPENSAÇÃO
18116,2024-11-06 10:11:02,30,Desconhecido,6186181,EQUATORIAL PI,0.0,9,0,0,COMPENSAÇÃO
18115,2024-11-06 10:08:35,30,Desconhecido,3754987,EQUATORIAL PI,0.0,9,0,0,COMPENSAÇÃO
18114,2024-11-06 10:06:47,30,Desconhecido,11482397,EQUATORIAL PI,1000.0,10,0,0,COMPENSAÇÃO
18113,2024-10-31 14:32:22,30,Desconhecido,10475219,DMED,10000.0,5,0,0,FATURAMENTO
18112,2024-10-30 15:07:46,30,Desconhecido,37901672,COPEL,20542.0,5,0,0,LEITURA
18111,2024-10-29 16:30:24,211,Desconhecido,1266171,NEOENERGIA BA (COELBA),6000.0,37,0,0,FATURAMENTO
18110,2024-10-17 16:36:53,30,Desconhecido,70003852,NEOENERGIA BA (COELBA),20000.0,23,0,0,FATURAMENTO
18109,2024-09-24 11:19:48,22,Desconhecido,1000002314,EQUATORIAL PI,2000.0,27,0,0,FATURAMENTO
18108,2024-09-20 00:00:00,30,Desconhecido,1575260-7,COCEL,2000.0,6,0,0,FATURAMENTO
18107,2024-09-18 00:00:00,30,Desconhecido,W9012463502,ENERGISA MT,79214.0,9,0,0,FATURAMENTO
18106,2024-09-12 00:00:00,30,Desconhecido,74227980,ENEL SP,1000.0,17,0,0,CONSUMO
18098,2024-09-10 00:00:00,30,Desconhecido,3014529679,CEMIG,1000.0,10,0,0,CONSUMO
18099,2024-09-10 00:00:00,30,Desconhecido,3005887771,CEMIG,1000.0,11,0,0,CONSUMO
18100,2024-09-10 00:00:00,30,Desconhecido,3003276010,CEMIG,1000.0,10,0,0,CONSUMO
18101,2024-09-10 00:00:00,30,Desconhecido,3006315920,CEMIG,1000.0,10,0,0,CONSUMO
18102,2024-09-10 00:00:00,30,Desconhecido,3006678679,CEMIG,1000.0,11,0,0,CONSUMO
18103,2024-09-10 00:00:00,30,Desconhecido,3013423518,CEMIG,1000.0,11,0,0,CONSUMO
18104,2024-09-10 00:00:00,30,Desconhecido,3014900752,CEMIG,1000.0,11,0,0,CONSUMO
18105,2024-09-10 00:00:00,30,Desconhecido,2167569,ENERGISA MT,72000.0,15,0,0,CONSUMO
18094,2024-09-09 00:00:00,30,Desconhecido,1007707,ENERGISA MT,1000.0,16,0,0,FATURAMENTO
18095,2024-09-09 00:00:00,30,Desconhecido,W9012463502,ENERGISA MT,1000.0,16,0,0,FATURAMENTO
18096,2024-09-09 00:00:00,30,Desconhecido,642412668,ENERGISA MT,1000.0,11,0,0,FATURAMENTO
18097,2024-09-09 00:00:00,30,Desconhecido,631385412,ENERGISA MT,1000.0,11,0,0,CONSUMO
18093,2024-09-05 00:00:00,30,Desconhecido,50146453,NEOENERGIA BA (COELBA),0.0,26,0,0,CONSUMO
18092,2024-08-30 10:12:27,30,Desconhecido,4861416,ENEL RIO,0.0,11,0,0,LEITURA
18091,2024-08-30 09:49:26,30,Desconhecido,475898,ENEL RIO,2500000.0,31,0,0,CONSUMO
18090,2024-08-30 09:06:46,30,Desconhecido,2822556,ENEL RIO,2000.0,10,0,0,COMPENSAÇÃO
18089,2024-08-23 00:00:00,30,Desconhecido,1439760,ENEL CE,0.0,26,0,0,FATURAMENTO
18088,2024-08-22 13:57:29,30,Desconhecido,2819307,ENEL CE,3000.0,30,0,0,LEITURA
18087,2024-08-21 08:23:28,30,Desconhecido,818811,ENEL CE,30000.0,10,0,0,COMPENSAÇÃO
18086,2024-08-20 16:13:58,30,Desconhecido,1257631,EDP ES,15000.0,7,0,0,LEITURA
18085,2024-08-20 16:11:46,125,Desconhecido,160381633,EDP ES,20000.0,32,0,0,LEITURA
18084,2024-08-20 15:18:56,30,Desconhecido,1534973,EDP ES,2000.0,7,0,0,LEITURA
18083,2024-08-20 15:12:34,30,Desconhecido,1485611,EDP ES,1500.0,12,0,0,LEITURA
18082,2024-08-20 15:04:32,30,Desconhecido,1335067,EDP ES,5000.0,7,0,0,COMPENSAÇÃO
18081,2024-08-19 16:02:43,30,Desconhecido,1253331,EDP ES,3000.0,7,0,0,COMPENSAÇÃO
18080,2024-08-19 15:53:41,30,Desconhecido,1246728,EDP ES,12000.0,7,0,0,LEITURA
18079,2024-08-19 15:40:20,30,Desconhecido,1244916,EDP ES,6000.0,10,0,0,COMPENSAÇÃO
18078,2024-08-19 15:36:30,30,Desconhecido,1244438,EDP ES,5000.0,9,0,0,COMPENSAÇÃO
18077,2024-08-19 14:58:51,30,Desconhecido,1231340,EDP ES,3000.0,7,0,0,COMPENSAÇÃO
18076,2024-08-16 14:49:26,30,Desconhecido,95010,SANEAGO,0.0,9,0,0,CONSUMO
18075,2024-08-16 14:33:44,30,Desconhecido,94897,SANEAGO,0.0,10,0,0,CONSUMO
18074,2024-08-16 14:25:29,30,Desconhecido,8171394,CASAN,0.0,8,0,0,CONSUMO
18073,2024-08-16 14:05:30,30,Desconhecido,805762,SANASA,0.0,12,0,0,DÚVIDA
18072,2024-08-16 14:03:34,30,Desconhecido,77002027200007,SAAE VOLTA REDONDA,0.0,8,0,0,CONSUMO
18071,2024-08-16 13:42:49,30,Desconhecido,76751945,EMBASA,0.0,7,0,0,DÚVIDA
18070,2024-08-16 13:28:06,30,Desconhecido,641966660,SABESP SAO BERNARDO DO CAMPO,0.0,12,0,0,CONSUMO
18069,2024-08-16 13:00:05,30,Desconhecido,6311652,CAEMA,1000.0,10,0,0,CONSUMO
18068,2024-08-16 09:43:16,30,Desconhecido,561237107,SABESP OSASCO,0.0,13,0,0,CONSUMO
18067,2024-08-16 09:17:27,30,Desconhecido,552128325,SABESP OSASCO,0.0,12,0,0,CONSUMO
18066,2024-08-16 09:07:01,30,Desconhecido,53797830,COMPESA,1000.0,8,0,0,CONSUMO
16890,2024-08-16 08:53:47,30,Desconhecido,4778791,COPASA,0.0,15,0,1,CONSUMO
18064,2024-08-16 08:45:02,30,Desconhecido,455810532,SABESP CAÇAPAVA,0.0,13,0,0,CONSUMO
18063,2024-08-16 08:23:01,30,Desconhecido,423325833,SABESP SAO PAULO,0.0,14,0,0,CONSUMO
18062,2024-08-14 15:07:35,30,Desconhecido,4018278429,ÁGUAS DO RIO,1000.0,13,0,0,CONSUMO
18061,2024-08-14 14:48:32,30,Desconhecido,4006988973,ÁGUAS DO RIO,1000.0,5,0,0,CONSUMO
18060,2024-08-14 10:27:31,30,Desconhecido,4003304283,ÁGUAS DO RIO,10000.0,13,0,0,CONSUMO
18059,2024-08-14 10:11:22,30,Desconhecido,4003304232,ÁGUAS DO RIO,0.0,12,0,0,CONSUMO
18058,2024-08-14 09:46:02,30,Desconhecido,4001949163,ÁGUAS DO RIO,0.0,12,0,0,CONSUMO
18057,2024-08-14 09:13:39,30,Desconhecido,3996212,SANEAGO,0.0,11,0,0,CONSUMO
18056,2024-08-09 16:41:12,30,Desconhecido,3828174,SANEAGO,0.0,10,0,0,CONSUMO
18055,2024-08-09 16:33:12,30,Desconhecido,361045662,SABESP PRESIDENTE PRUDENTE,0.0,14,0,0,CONSUMO
18054,2024-08-09 16:29:38,30,Desconhecido,338273891,SABESP SAO PAULO,0.0,15,0,0,CONSUMO
18053,2024-08-09 08:18:25,30,Desconhecido,326224,CAEMA,1000.0,12,0,0,CONSUMO
18052,2024-08-08 16:10:52,30,Desconhecido,296859907,SABESP BRAGANÇA PAULISTA,0.0,16,0,0,CONSUMO
18003,2024-08-08 15:20:34,30,Desconhecido,2436434,COPASA,0.0,11,0,0,CONSUMO
18050,2024-08-08 10:01:58,30,Desconhecido,24247669,CORSAN,40000.0,10,0,0,CONSUMO
18049,2024-08-08 09:48:21,30,Desconhecido,23812028,SANEAGO,5000.0,10,0,0,CONSUMO
18048,2024-08-08 09:32:44,30,Desconhecido,158637,BRK LIMEIRA,0.0,14,0,0,CONSUMO
18047,2024-08-08 08:38:11,30,Desconhecido,2064227,CAESB,1000.0,12,0,0,CONSUMO
18294,2024-08-08 00:00:00,30,Desconhecido,2928,SAAE ITABIRA,1000.0,11,0,0,CONSUMO
18046,2024-08-06 10:13:48,30,Desconhecido,201930331,SABESP SAO PAULO,0.0,14,0,0,CONSUMO
18045,2024-08-06 09:40:33,30,Desconhecido,195766849,SABESP SAO PAULO,0.0,13,0,0,CONSUMO
18044,2024-08-06 09:17:22,30,Desconhecido,18301223,CASAN,1000.0,10,0,0,CONSUMO
18043,2024-08-06 09:01:20,30,Desconhecido,182170101,SABESP SAO PAULO,0.0,11,0,0,CONSUMO
16940,2024-08-01 16:24:07,30,Desconhecido,16476069,COPASA,0.0,12,0,0,CONSUMO
18041,2024-08-01 16:04:27,30,Desconhecido,14438378,SANEPAR,1000.0,9,0,0,CONSUMO
18040,2024-08-01 15:36:53,30,Desconhecido,140561196,SABESP SAO PAULO,40000.0,8,0,0,CONSUMO
18039,2024-07-31 08:08:09,30,Desconhecido,110535103,COPASA,0.0,10,0,0,CONSUMO
18038,2024-07-30 16:08:38,30,Desconhecido,10769064,SANEAGO,1000.0,9,0,0,CONSUMO
18037,2024-07-30 15:51:25,30,Desconhecido,105493066,COMPESA,1000.0,8,0,0,CONSUMO
18036,2024-07-30 13:39:21,30,Desconhecido,101270,DAE SANTA BARBARA DO OESTE,1500.0,9,0,0,CONSUMO
18035,2024-07-30 10:51:49,30,Desconhecido,1003392668,ÁGUAS DO RIO,0.0,9,0,0,CONSUMO
18034,2024-07-26 15:06:52,472,Desconhecido,1018745154,ÁGUAS DO RIO,249307.0,48,3,0,CONSUMO
18033,2024-07-25 13:39:03,30,Desconhecido,varias,ÁGUAS DO PARAÍBA,0.0,5,0,0,DÚVIDA
18032,2024-07-19 15:33:45,30,Desconhecido,41403975,CPFL PAULISTA,5000.0,9,0,0,COMPENSAÇÃO
18031,2024-07-19 15:14:45,30,Desconhecido,41204530,CPFL PAULISTA,4000.0,19,0,0,COMPENSAÇÃO
18030,2024-07-19 10:57:49,30,Desconhecido,56618760,COPEL,3000.0,16,0,0,COMPENSAÇÃO
18029,2024-07-19 09:57:32,30,Desconhecido,20775504,COPEL,8000.0,15,0,0,COMPENSAÇÃO
18028,2024-07-19 09:03:18,30,Desconhecido,17065500,COPEL,10000.0,15,0,0,COMPENSAÇÃO
18027,2024-07-19 08:10:24,30,Desconhecido,11117567,COPEL,13000.0,15,0,0,COMPENSAÇÃO
18026,2024-07-18 16:14:00,30,Desconhecido,107884216,COPEL,40000.0,15,0,0,COMPENSAÇÃO
18025,2024-07-18 13:17:17,30,Desconhecido,3014072060,CEMIG,40000.0,15,0,0,COMPENSAÇÃO
18024,2024-07-18 13:03:25,30,Desconhecido,3013239495,CEMIG,10000.0,15,0,0,COMPENSAÇÃO
18023,2024-07-18 11:33:07,30,Desconhecido,3011170812,CEMIG,18000.0,14,0,0,COMPENSAÇÃO
18022,2024-07-18 11:18:22,30,Desconhecido,3011123939,CEMIG,7000.0,26,0,0,FATURAMENTO
18021,2024-07-18 11:14:01,30,Desconhecido,3011123051,CEMIG,4500.0,40,0,0,FATURAMENTO
18196,2024-07-18 10:56:05,30,Desconhecido,3011066470,CEMIG,10000.0,19,0,1,COMPENSAÇÃO
18019,2024-07-18 10:16:05,30,Desconhecido,3010064779,CEMIG,1500.0,15,0,0,CONSUMO
18018,2024-07-18 00:00:00,30,Desconhecido,430480042,LIGHT,3512154.0,11,0,0,FATURAMENTO
18017,2024-07-17 11:16:48,30,Desconhecido,3007468543,CEMIG,3000.0,15,0,0,COMPENSAÇÃO
18016,2024-07-17 11:09:18,217,Desconhecido,3007392071,CEMIG,10000.0,53,0,0,COMPENSAÇÃO
18015,2024-07-17 11:04:51,30,Desconhecido,3007296631,CEMIG,10000.0,9,0,0,COMPENSAÇÃO
18014,2024-07-17 10:59:12,30,Desconhecido,3007254176,CEMIG,30000.0,10,0,0,COMPENSAÇÃO
16624,2024-07-17 10:46:30,442,Desconhecido,3007088492,CEMIG,10000.0,16,0,0,COMPENSAÇÃO
18012,2024-07-16 16:26:14,30,Desconhecido,3006629146,CEMIG,12000.0,14,0,0,COMPENSAÇÃO
18011,2024-07-16 16:22:04,30,Desconhecido,3006466286,CEMIG,9000.0,15,0,0,COMPENSAÇÃO
18010,2024-07-16 16:15:32,30,Desconhecido,3006446404,CEMIG,5000.0,14,0,0,COMPENSAÇÃO
18009,2024-07-16 16:04:42,30,Desconhecido,3006339271,CEMIG,3000.0,8,0,0,COMPENSAÇÃO
18008,2024-07-15 11:16:09,30,Desconhecido,3006235871,CEMIG,6500.0,8,0,0,COMPENSAÇÃO
16736,2024-07-15 11:00:19,452,Desconhecido,3006119018,CEMIG,12000.0,18,0,0,COMPENSAÇÃO
18006,2024-07-15 10:52:55,30,Desconhecido,3006101108,CEMIG,11000.0,13,0,0,COMPENSAÇÃO
18005,2024-07-15 10:45:53,30,Desconhecido,3006100974,CEMIG,20000.0,13,0,0,COMPENSAÇÃO
18004,2024-07-15 10:39:35,30,Desconhecido,3006100971,CEMIG,7000.0,14,0,0,COMPENSAÇÃO
16901,2024-07-15 10:36:51,450,Desconhecido,3006100960,CEMIG,3000.0,19,0,0,COMPENSAÇÃO
18002,2024-07-15 10:32:57,30,Desconhecido,3006076376,CEMIG,5000.0,8,0,0,COMPENSAÇÃO
18001,2024-07-10 16:17:09,30,Desconhecido,3006076327,CEMIG,50000.0,16,0,0,COMPENSAÇÃO
18000,2024-07-10 15:36:07,30,Desconhecido,3006026846,CEMIG,4000.0,13,0,0,COMPENSAÇÃO
17999,2024-07-10 15:30:33,30,Desconhecido,3006026835,CEMIG,4000.0,8,0,0,COMPENSAÇÃO
17998,2024-07-10 15:19:53,30,Desconhecido,3006026809,CEMIG,8000.0,12,0,0,COMPENSAÇÃO
17997,2024-07-10 12:03:41,30,Desconhecido,3006026807,CEMIG,9000.0,41,0,0,COMPENSAÇÃO
17996,2024-07-10 11:58:23,30,Desconhecido,3005991696,CEMIG,5000.0,8,0,0,COMPENSAÇÃO
17995,2024-07-10 11:51:15,30,Desconhecido,3005991650,CEMIG,7000.0,16,0,0,COMPENSAÇÃO
17994,2024-07-10 11:48:05,30,Desconhecido,3005991646,CEMIG,4000.0,8,0,0,COMPENSAÇÃO
17993,2024-07-04 15:03:34,30,Desconhecido,3005919643,CEMIG,3000.0,16,0,0,COMPENSAÇÃO
17992,2024-07-04 14:57:20,30,Desconhecido,3005919623,CEMIG,26000.0,16,0,0,COMPENSAÇÃO
17991,2024-07-04 14:52:16,30,Desconhecido,3005890022,CEMIG,10000.0,26,0,0,COMPENSAÇÃO
17990,2024-07-04 14:43:57,30,Desconhecido,3005889923,CEMIG,17000.0,11,0,0,COMPENSAÇÃO
17989,2024-07-04 14:40:22,30,Desconhecido,3005889903,CEMIG,5000.0,16,0,0,COMPENSAÇÃO
17988,2024-07-04 14:35:36,30,Desconhecido,3005867339,CEMIG,9000.0,16,0,0,COMPENSAÇÃO
17987,2024-07-04 14:29:12,30,Desconhecido,3005824221,CEMIG,45000.0,16,0,0,COMPENSAÇÃO
17986,2024-07-03 16:42:24,205,Desconhecido,3005797205,CEMIG,10000.0,27,0,0,COMPENSAÇÃO
17985,2024-07-03 16:36:32,30,Desconhecido,3005775493,CEMIG,5000.0,7,0,0,COMPENSAÇÃO
17984,2024-07-03 16:34:05,30,Desconhecido,3005775492,CEMIG,9000.0,8,0,0,COMPENSAÇÃO
17983,2024-07-03 16:20:14,30,Desconhecido,3005682976,CEMIG,16000.0,16,0,0,COMPENSAÇÃO
17982,2024-07-03 13:58:19,30,Desconhecido,3005682743,CEMIG,3000.0,16,0,0,COMPENSAÇÃO
17981,2024-07-03 13:53:08,30,Desconhecido,3005656652,CEMIG,9000.0,16,0,0,COMPENSAÇÃO
18227,2024-07-03 13:49:23,453,Desconhecido,3005630923,CEMIG,7000.0,17,0,0,COMPENSAÇÃO
17979,2024-07-03 13:43:18,30,Desconhecido,3005602991,CEMIG,8000.0,16,0,0,COMPENSAÇÃO
17978,2024-07-03 13:35:32,30,Desconhecido,3005553897,CEMIG,10000.0,26,0,0,COMPENSAÇÃO
17977,2024-07-03 13:31:53,30,Desconhecido,3005508741,CEMIG,10000.0,17,0,0,COMPENSAÇÃO
17976,2024-07-03 13:25:16,30,Desconhecido,3005482521,CEMIG,20000.0,8,0,0,COMPENSAÇÃO
17975,2024-07-03 13:09:31,30,Desconhecido,3005482482,CEMIG,5000.0,34,0,0,COMPENSAÇÃO
17974,2024-07-03 13:03:35,30,Desconhecido,3003262467,CEMIG,23000.0,14,0,0,FATURAMENTO
17973,2024-07-02 11:34:09,30,Desconhecido,3005456003,CEMIG,13000.0,8,0,0,COMPENSAÇÃO
18177,2024-07-02 11:29:38,170,Desconhecido,3005455979,CEMIG,3000.0,29,0,0,COMPENSAÇÃO
17971,2024-07-02 11:24:20,30,Desconhecido,3005430807,CEMIG,3000.0,30,0,0,COMPENSAÇÃO
18167,2024-07-02 11:19:07,30,Desconhecido,3005404202,CEMIG,6000.0,64,0,0,FATURAMENTO
17969,2024-07-01 15:54:26,30,Desconhecido,3004902148,CEMIG,12000.0,6,0,0,COMPENSAÇÃO
17968,2024-07-01 15:44:18,30,Desconhecido,3004887868,CEMIG,6000.0,19,0,0,FATURAMENTO
17967,2024-07-01 14:37:28,30,Desconhecido,3004865572,CEMIG,30000.0,28,0,0,COMPENSAÇÃO
17966,2024-07-01 14:17:41,30,Desconhecido,3004788456,CEMIG,40000.0,6,0,0,FATURAMENTO
17965,2024-07-01 13:50:23,165,Desconhecido,3004604518,CEMIG,30000.0,26,0,0,CONSUMO
17964,2024-07-01 13:36:48,30,Desconhecido,3004471159,CEMIG,13000.0,13,0,0,COMPENSAÇÃO
17963,2024-07-01 13:33:04,30,Desconhecido,3004471130,CEMIG,6000.0,37,0,0,COMPENSAÇÃO
17962,2024-07-01 13:25:46,30,Desconhecido,3004280788,CEMIG,10000.0,12,0,0,FATURAMENTO
17961,2024-07-01 10:58:30,30,Desconhecido,3003779591,CEMIG,20000.0,12,0,0,COMPENSAÇÃO
17960,2024-06-28 00:00:00,30,Desconhecido,5262956,ENEL RIO,0.0,8,0,0,DÚVIDA
17959,2024-06-26 13:32:00,30,Desconhecido,3003706822,CEMIG,10000.0,12,0,0,COMPENSAÇÃO
17958,2024-06-26 13:06:21,30,Desconhecido,3003465792,CEMIG,6000.0,8,0,0,LEITURA
17957,2024-06-26 09:18:28,30,Desconhecido,3003289312,CEMIG,4000.0,9,0,0,COMPENSAÇÃO
17956,2024-06-25 10:00:37,30,Desconhecido,3003286887,CEMIG,120000.0,13,0,0,CONSUMO
17955,2024-06-25 09:47:03,30,Desconhecido,3003286785,CEMIG,13000.0,5,0,0,COMPENSAÇÃO
17954,2024-06-25 09:41:15,30,Desconhecido,3003285406,CEMIG,3000.0,15,0,0,FATURAMENTO
17953,2024-06-21 14:45:27,30,Desconhecido,3003282900,CEMIG,30000.0,13,0,0,COMPENSAÇÃO
17952,2024-06-21 10:05:36,30,Desconhecido,3003281409,CEMIG,16000.0,11,0,0,COMPENSAÇÃO
17951,2024-06-20 13:45:54,30,Desconhecido,3003280829,CEMIG,120000.0,16,0,0,COMPENSAÇÃO
17950,2024-06-20 13:36:40,30,Desconhecido,3003274791,CEMIG,12000.0,15,0,0,FATURAMENTO
17949,2024-06-20 13:28:02,30,Desconhecido,3003272354,CEMIG,100000.0,16,0,0,COMPENSAÇÃO
17948,2024-06-20 13:23:40,30,Desconhecido,3003271658,CEMIG,5000.0,12,0,0,COMPENSAÇÃO
17947,2024-06-20 12:15:16,30,Desconhecido,3003265550,CEMIG,21000.0,16,0,0,COMPENSAÇÃO
17946,2024-06-19 00:00:00,30,Desconhecido,57439958,ENEL SP,10000.0,28,0,0,FATURAMENTO
17945,2024-06-18 14:42:57,30,Desconhecido,40538623,CELESC,3000.0,7,0,0,COMPENSAÇÃO
17944,2024-06-18 14:02:09,30,Desconhecido,27336507,CELESC,300.0,7,0,0,LEITURA
17943,2024-06-18 13:51:11,30,Desconhecido,27264590,CELESC,3000.0,7,0,0,COMPENSAÇÃO
17942,2024-06-18 13:47:34,30,Desconhecido,26562082,CELESC,300.0,7,0,0,LEITURA
17941,2024-06-18 09:47:05,30,Desconhecido,10379096,AMAZONAS,8000.0,7,0,0,LEITURA
17940,2024-06-18 09:40:58,30,Desconhecido,7892705,AMAZONAS,2000.0,6,0,0,COMPENSAÇÃO
17939,2024-06-12 12:30:07,30,Desconhecido,4994973,AMAZONAS,2000.0,8,0,0,LEITURA
17938,2024-06-12 12:23:22,30,Desconhecido,4812360,AMAZONAS,3000.0,6,0,0,FATURAMENTO
17937,2024-06-12 12:21:04,30,Desconhecido,4823028,AMAZONAS,30000.0,6,0,0,FATURAMENTO
17935,2024-06-12 00:00:00,30,Desconhecido,172014,EDP SP,0.0,6,0,0,PID
17936,2024-06-12 00:00:00,30,Desconhecido,2024167797,CPFL PAULISTA,0.0,9,0,0,PID
17934,2024-06-11 15:38:04,399,Desconhecido,35528559,CPFL PAULISTA,40000.0,12,0,0,CONSUMO
17933,2024-06-11 15:07:34,560,Desconhecido,27845281,CPFL PAULISTA,15000.0,25,2,0,COMPENSAÇÃO
17932,2024-06-11 09:59:33,30,Desconhecido,27760154,CPFL PAULISTA,40000.0,8,0,0,DÚVIDA
17931,2024-06-10 14:01:40,598,Desconhecido,37387464,CPFL PAULISTA,4000.0,19,0,0,COMPENSAÇÃO
17930,2024-06-07 17:04:30,30,Desconhecido,104096292,COPEL,6000.0,13,0,1,COMPENSAÇÃO
17929,2024-06-07 17:02:09,30,Desconhecido,94952779,COPEL,3000.0,12,0,0,COMPENSAÇÃO
17928,2024-06-07 16:58:34,273,Desconhecido,104472278,COPEL,4000.0,29,0,0,COMPENSAÇÃO
17927,2024-06-07 16:56:32,30,Desconhecido,105030910,COPEL,6000.0,12,0,0,COMPENSAÇÃO
17926,2024-06-07 16:48:11,273,Desconhecido,103901272,COPEL,3000.0,30,0,0,COMPENSAÇÃO
17925,2024-06-07 15:37:31,273,Desconhecido,93827580,COPEL,5000.0,35,0,0,COMPENSAÇÃO
17924,2024-06-07 15:26:45,30,Desconhecido,101460090,COPEL,7000.0,14,0,0,COMPENSAÇÃO
17923,2024-06-06 15:33:03,274,Desconhecido,101460449,COPEL,40000.0,28,0,0,COMPENSAÇÃO
17922,2024-06-06 15:16:01,30,Desconhecido,101412193,COPEL,10000.0,14,0,0,COMPENSAÇÃO
17921,2024-06-06 15:04:09,274,Desconhecido,99984105,COPEL,8000.0,24,0,0,COMPENSAÇÃO
17920,2024-06-06 15:00:36,274,Desconhecido,99376989,COPEL,5000.0,21,0,0,COMPENSAÇÃO
17919,2024-06-06 14:55:36,274,Desconhecido,99085992,COPEL,2000.0,29,0,0,COMPENSAÇÃO
17918,2024-06-06 14:36:30,274,Desconhecido,98377442,COPEL,5500.0,35,0,0,COMPENSAÇÃO
17917,2024-06-06 08:44:13,30,Desconhecido,95861360,COPEL,2500.0,13,0,0,COMPENSAÇÃO
17916,2024-06-06 08:42:20,274,Desconhecido,95760555,COPEL,2000.0,36,0,0,COMPENSAÇÃO
17915,2024-06-06 08:36:01,30,Desconhecido,95467238,COPEL,5000.0,14,0,0,COMPENSAÇÃO
17914,2024-06-06 08:24:01,274,Desconhecido,95328173,COPEL,5000.0,26,0,0,COMPENSAÇÃO
17913,2024-06-06 08:17:09,274,Desconhecido,95314873,COPEL,11000.0,29,0,0,COMPENSAÇÃO
17912,2024-06-06 08:15:02,274,Desconhecido,95247513,COPEL,2500.0,29,0,0,COMPENSAÇÃO
17911,2024-06-06 08:08:51,274,Desconhecido,95178813,COPEL,4000.0,29,0,0,COMPENSAÇÃO
17910,2024-06-06 08:07:52,274,Desconhecido,95178694,COPEL,4000.0,25,0,0,COMPENSAÇÃO
17909,2024-06-04 17:03:43,276,Desconhecido,95116559,COPEL,20000.0,24,0,0,COMPENSAÇÃO
17908,2024-06-04 16:34:16,276,Desconhecido,94538581,COPEL,2000.0,20,0,0,COMPENSAÇÃO
17907,2024-06-04 16:29:01,276,Desconhecido,93968264,COPEL,3000.0,30,0,0,COMPENSAÇÃO
17906,2024-06-04 16:23:12,276,Desconhecido,93911432,COPEL,7000.0,31,0,0,COMPENSAÇÃO
17905,2024-06-04 16:16:14,30,Desconhecido,93814445,COPEL,10000.0,13,0,0,COMPENSAÇÃO
17904,2024-06-04 16:13:47,276,Desconhecido,93659652,COPEL,2000.0,22,0,0,COMPENSAÇÃO
17903,2024-06-04 16:12:26,276,Desconhecido,93656882,COPEL,2000.0,31,0,0,COMPENSAÇÃO
17902,2024-06-04 16:10:42,276,Desconhecido,93617666,COPEL,4000.0,27,0,0,COMPENSAÇÃO
17901,2024-06-03 17:08:31,277,Desconhecido,93562101,COPEL,5000.0,22,0,0,COMPENSAÇÃO
17900,2024-06-03 16:45:41,277,Desconhecido,91919711,COPEL,6000.0,32,0,0,COMPENSAÇÃO
17899,2024-06-03 16:41:24,277,Desconhecido,91820588,COPEL,22000.0,36,0,0,COMPENSAÇÃO
17898,2024-06-03 16:39:44,277,Desconhecido,91769183,COPEL,5000.0,22,0,0,COMPENSAÇÃO
17897,2024-06-03 16:36:31,30,Desconhecido,91769140,COPEL,5000.0,14,0,0,COMPENSAÇÃO
17896,2024-06-03 16:34:04,277,Desconhecido,91677033,COPEL,4000.0,33,0,0,COMPENSAÇÃO
17895,2024-06-03 16:32:57,277,Desconhecido,91669065,COPEL,4000.0,23,0,0,COMPENSAÇÃO
17894,2024-06-03 16:21:14,277,Desconhecido,90763718,COPEL,3000.0,49,0,0,COMPENSAÇÃO
17893,2024-06-03 16:19:30,277,Desconhecido,90717309,COPEL,3000.0,27,0,0,COMPENSAÇÃO
17892,2024-06-03 16:10:58,277,Desconhecido,90570910,COPEL,8000.0,27,0,0,COMPENSAÇÃO
17891,2024-06-03 16:01:20,30,Desconhecido,90570782,COPEL,5000.0,13,0,0,COMPENSAÇÃO
17890,2024-06-03 15:03:33,277,Desconhecido,90569563,COPEL,4000.0,23,0,0,COMPENSAÇÃO
17889,2024-06-03 14:59:11,277,Desconhecido,90569504,COPEL,6000.0,23,0,0,COMPENSAÇÃO
17888,2024-06-03 14:55:38,30,Desconhecido,90569431,COPEL,3000.0,15,0,0,COMPENSAÇÃO
17887,2024-06-03 14:52:34,277,Desconhecido,90506065,COPEL,10000.0,27,0,0,COMPENSAÇÃO
17886,2024-06-03 14:48:09,277,Desconhecido,90435613,COPEL,4000.0,22,0,0,COMPENSAÇÃO
17885,2024-06-03 14:43:34,277,Desconhecido,90103491,COPEL,5000.0,27,0,0,COMPENSAÇÃO
17884,2024-06-03 14:17:11,277,Desconhecido,87952700,COPEL,4000.0,23,0,0,COMPENSAÇÃO
17883,2024-06-03 14:07:56,30,Desconhecido,87133849,COPEL,0.0,14,0,0,COMPENSAÇÃO
17882,2024-06-03 13:53:41,277,Desconhecido,85404454,COPEL,2500.0,26,0,0,COMPENSAÇÃO
17881,2024-06-03 13:49:33,277,Desconhecido,82217831,COPEL,9000.0,23,0,0,COMPENSAÇÃO
17880,2024-06-03 13:46:56,30,Desconhecido,80161537,COPEL,2000.0,16,0,0,COMPENSAÇÃO
17879,2024-06-03 13:44:37,277,Desconhecido,78618550,COPEL,5000.0,22,0,0,COMPENSAÇÃO
17878,2024-06-03 11:54:01,277,Desconhecido,73682381,COPEL,5000.0,32,0,0,COMPENSAÇÃO
17877,2024-06-03 11:43:44,277,Desconhecido,72351187,COPEL,18000.0,33,0,0,COMPENSAÇÃO
17876,2024-06-03 11:41:28,277,Desconhecido,72351080,COPEL,15000.0,33,0,0,COMPENSAÇÃO
17875,2024-06-03 11:38:54,277,Desconhecido,72111879,COPEL,7000.0,28,0,0,COMPENSAÇÃO
17874,2024-06-03 11:35:05,277,Desconhecido,70519994,COPEL,7000.0,22,0,0,COMPENSAÇÃO
17873,2024-06-03 11:24:58,277,Desconhecido,64318672,COPEL,3000.0,35,0,0,COMPENSAÇÃO
17872,2024-06-03 11:14:43,277,Desconhecido,64034020,COPEL,4000.0,22,0,0,COMPENSAÇÃO
17871,2024-05-28 11:16:12,30,Desconhecido,63147025,COPEL,3000.0,15,0,0,COMPENSAÇÃO
17870,2024-05-28 11:11:04,30,Desconhecido,62748300,COPEL,7000.0,15,0,0,COMPENSAÇÃO
17869,2024-05-28 10:57:35,30,Desconhecido,45283850,COPEL,10000.0,15,0,0,COMPENSAÇÃO
17868,2024-05-28 10:50:58,30,Desconhecido,45235694,COPEL,2000.0,15,0,0,COMPENSAÇÃO
17867,2024-05-28 10:48:33,30,Desconhecido,41153235,COPEL,12000.0,15,0,0,COMPENSAÇÃO
17866,2024-05-28 10:40:35,30,Desconhecido,39351190,COPEL,3000.0,15,0,0,COMPENSAÇÃO
17865,2024-05-28 10:37:52,30,Desconhecido,39027163,COPEL,3000.0,15,0,0,COMPENSAÇÃO
17864,2024-05-28 10:33:22,30,Desconhecido,38846179,COPEL,6000.0,15,0,0,COMPENSAÇÃO
17863,2024-05-28 10:21:40,30,Desconhecido,37792580,COPEL,3000.0,15,0,0,COMPENSAÇÃO
17862,2024-05-24 00:00:00,30,Desconhecido,106976591,SABESP SAO PAULO,0.0,6,0,0,DÚVIDA
17861,2024-05-20 15:42:32,30,Desconhecido,37529684,COPEL,3000.0,15,0,0,COMPENSAÇÃO
17860,2024-05-20 14:43:40,30,Desconhecido,37496964,COPEL,4000.0,15,0,0,COMPENSAÇÃO
17859,2024-05-20 14:09:38,30,Desconhecido,37308033,COPEL,8000.0,15,0,0,COMPENSAÇÃO
17858,2024-05-20 13:57:59,30,Desconhecido,36985910,COPEL,15000.0,15,0,0,COMPENSAÇÃO
17857,2024-05-20 12:10:04,30,Desconhecido,35436557,COPEL,16000.0,15,0,0,COMPENSAÇÃO
17856,2024-05-20 11:58:39,30,Desconhecido,35436522,COPEL,100000.0,15,0,0,COMPENSAÇÃO
17855,2024-05-20 11:55:11,30,Desconhecido,34757317,COPEL,9000.0,15,0,0,COMPENSAÇÃO
17854,2024-05-20 11:49:29,30,Desconhecido,29792231,COPEL,2000.0,15,0,0,COMPENSAÇÃO
17853,2024-05-20 11:38:26,30,Desconhecido,94626065,COPEL,20000.0,15,0,0,CONSUMO
17852,2024-05-20 11:20:44,30,Desconhecido,92478638,COPEL,22000.0,15,0,0,COMPENSAÇÃO
17851,2024-05-20 11:08:21,30,Desconhecido,78367190,COPEL,20000.0,15,0,0,COMPENSAÇÃO
17850,2024-05-20 11:06:38,30,Desconhecido,78384362,COPEL,20000.0,15,0,0,COMPENSAÇÃO
17849,2024-05-20 10:51:12,30,Desconhecido,75370395,COPEL,50000.0,15,0,0,COMPENSAÇÃO
17848,2024-05-16 16:58:32,30,Desconhecido,75367335,COPEL,18000.0,15,0,0,COMPENSAÇÃO
17847,2024-05-16 10:47:12,30,Desconhecido,78313457,COPEL,20000.0,15,0,0,COMPENSAÇÃO
17846,2024-05-16 10:35:15,30,Desconhecido,75368706,COPEL,7000.0,15,0,0,COMPENSAÇÃO
17845,2024-05-16 10:05:06,30,Desconhecido,74725521,COPEL,10000.0,15,0,0,COMPENSAÇÃO
17844,2024-05-16 09:52:34,30,Desconhecido,74008528,COPEL,15000.0,15,0,0,COMPENSAÇÃO
17843,2024-05-16 09:45:34,30,Desconhecido,74281500,COPEL,100000.0,15,0,0,COMPENSAÇÃO
17842,2024-05-16 09:34:04,30,Desconhecido,77026489,COPEL,10000.0,15,0,0,COMPENSAÇÃO
17841,2024-05-16 09:24:33,30,Desconhecido,78337070,COPEL,5000.0,15,0,0,COMPENSAÇÃO
17840,2024-05-15 16:44:09,30,Desconhecido,75486474,COPEL,10000.0,15,0,0,COMPENSAÇÃO
17839,2024-05-15 16:36:40,30,Desconhecido,78365961,COPEL,40000.0,15,0,0,COMPENSAÇÃO
17838,2024-05-15 16:27:34,30,Desconhecido,75370123,COPEL,45000.0,15,0,0,COMPENSAÇÃO
17837,2024-05-15 16:23:05,30,Desconhecido,78161568,COPEL,20000.0,15,0,0,COMPENSAÇÃO
17836,2024-05-15 16:18:47,30,Desconhecido,75358816,COPEL,70000.0,15,0,0,COMPENSAÇÃO
17835,2024-05-15 16:04:46,30,Desconhecido,78100577,COPEL,35000.0,15,0,0,COMPENSAÇÃO
17834,2024-05-15 15:57:57,30,Desconhecido,78162459,COPEL,10000.0,15,0,0,COMPENSAÇÃO
17833,2024-05-15 10:19:05,30,Desconhecido,78319080,COPEL,60000.0,15,0,0,COMPENSAÇÃO
17832,2024-05-15 10:06:18,30,Desconhecido,78361427,COPEL,12000.0,15,0,0,COMPENSAÇÃO
17831,2024-05-14 16:46:27,30,Desconhecido,75343509,COPEL,20000.0,15,0,0,COMPENSAÇÃO
17830,2024-05-14 16:42:09,30,Desconhecido,78318521,COPEL,40000.0,15,0,0,COMPENSAÇÃO
17829,2024-05-14 16:30:18,30,Desconhecido,78161304,COPEL,20000.0,15,0,0,COMPENSAÇÃO
17828,2024-05-14 16:18:38,30,Desconhecido,57443203,COPEL,0.0,16,0,0,COMPENSAÇÃO
17827,2024-05-14 15:37:32,30,Desconhecido,40923916,COPEL,40000.0,14,0,0,COMPENSAÇÃO
17826,2024-05-13 10:00:59,30,Desconhecido,2399130,EQUATORIAL AL,25000.0,13,0,0,COMPENSAÇÃO
17825,2024-05-09 13:57:33,30,Desconhecido,7028737330,NEOENERGIA BA (COELBA),20000.0,5,0,0,LEITURA
17824,2024-05-09 11:20:37,30,Desconhecido,36775495,EQUATORIAL RS (CEEE),20000.0,10,1,0,LEITURA
17823,2024-05-08 16:59:50,71,Desconhecido,3019760609,EQUATORIAL PA,40000.0,35,0,0,CONSUMO
17822,2024-05-08 16:38:23,30,Desconhecido,10035959779,EQUATORIAL GO (ENEL GOIAS),20000.0,11,0,0,CONSUMO
17817,2024-05-07 00:00:00,30,Desconhecido,76994180,ENEL SP,60000.0,15,0,0,COMPENSAÇÃO
17818,2024-05-07 00:00:00,30,Desconhecido,86166701,ENEL SP,20000.0,13,0,0,COMPENSAÇÃO
17819,2024-05-07 00:00:00,30,Desconhecido,200001091,ENEL SP,15000.0,13,0,0,COMPENSAÇÃO
17820,2024-05-07 00:00:00,30,Desconhecido,56801858,ENEL SP,10000.0,12,0,0,COMPENSAÇÃO
17821,2024-05-07 00:00:00,30,Desconhecido,172014,EDP SP,0.0,6,0,0,DÚVIDA
17816,2024-05-03 16:09:17,30,Desconhecido,3003266569,CEMIG,1000.0,15,0,0,DÚVIDA
17815,2024-04-29 14:09:03,30,Desconhecido,3000342567,CEMIG,5000.0,13,0,0,CONSUMO
17814,2024-04-29 13:52:28,674,Desconhecido,3000245306,CEMIG,30000.0,16,1,0,CONSUMO
17813,2024-04-25 11:52:05,30,Desconhecido,9274162,NEOENERGIA BRASILIA (CEB),64500.0,5,0,0,FATURAMENTO
17812,2024-04-22 15:51:35,30,Desconhecido,43679678,CELESC,3000.0,13,0,0,COMPENSAÇÃO
17811,2024-04-22 15:50:12,30,Desconhecido,44406764,CELESC,5000.0,9,0,0,COMPENSAÇÃO
17810,2024-04-22 15:45:53,30,Desconhecido,44862034,CELESC,15000.0,15,1,0,COMPENSAÇÃO
17809,2024-04-22 15:43:49,30,Desconhecido,46139364,CELESC,9000.0,10,1,0,COMPENSAÇÃO
17808,2024-04-22 15:42:20,30,Desconhecido,44406772,CELESC,70000.0,12,0,0,COMPENSAÇÃO
17807,2024-04-22 15:33:10,30,Desconhecido,48373020,CELESC,8000.0,11,1,0,COMPENSAÇÃO
17806,2024-04-22 15:29:04,30,Desconhecido,44870266,CELESC,23000.0,12,0,0,COMPENSAÇÃO
17805,2024-04-22 15:27:32,30,Desconhecido,48372899,CELESC,7000.0,11,0,0,COMPENSAÇÃO
17804,2024-04-22 15:24:04,30,Desconhecido,46292308,CELESC,4000.0,12,0,0,COMPENSAÇÃO
17803,2024-04-22 15:22:40,30,Desconhecido,46139410,CELESC,10000.0,12,0,0,COMPENSAÇÃO
17802,2024-04-22 15:20:10,30,Desconhecido,46215400,CELESC,6000.0,12,0,0,COMPENSAÇÃO
17801,2024-04-22 15:19:01,30,Desconhecido,48332838,CELESC,8000.0,12,0,0,COMPENSAÇÃO
17800,2024-04-22 15:17:09,30,Desconhecido,46751957,CELESC,4000.0,13,0,0,COMPENSAÇÃO
17799,2024-04-19 14:04:27,30,Desconhecido,46751515,CELESC,8000.0,12,0,0,COMPENSAÇÃO
17798,2024-04-19 14:02:14,30,Desconhecido,48269974,CELESC,2000.0,12,0,0,COMPENSAÇÃO
17797,2024-04-19 14:01:16,30,Desconhecido,46752198,CELESC,40000.0,12,0,0,FATURAMENTO
17796,2024-04-19 13:59:19,30,Desconhecido,46752210,CELESC,5000.0,12,0,0,COMPENSAÇÃO
17795,2024-04-19 13:58:19,30,Desconhecido,46788494,CELESC,2000.0,14,0,0,COMPENSAÇÃO
17794,2024-04-19 13:57:14,30,Desconhecido,48050247,CELESC,5000.0,13,0,0,COMPENSAÇÃO
17793,2024-04-19 13:55:28,525,Desconhecido,48269893,CELESC,10000.0,19,0,0,COMPENSAÇÃO
17792,2024-04-19 13:54:16,30,Desconhecido,46939751,CELESC,10000.0,9,0,0,COMPENSAÇÃO
17791,2024-04-19 13:53:20,30,Desconhecido,46971485,CELESC,25000.0,9,0,0,COMPENSAÇÃO
17790,2024-04-19 13:51:47,30,Desconhecido,46971752,CELESC,3000.0,9,0,0,COMPENSAÇÃO
17789,2024-04-19 13:50:58,30,Desconhecido,46971574,CELESC,3000.0,9,0,0,COMPENSAÇÃO
17788,2024-04-19 13:49:40,30,Desconhecido,48050158,CELESC,3000.0,10,0,0,COMPENSAÇÃO
17787,2024-04-19 13:48:47,30,Desconhecido,48050123,CELESC,15000.0,10,0,0,COMPENSAÇÃO
17786,2024-04-19 13:47:20,30,Desconhecido,48050085,CELESC,7000.0,10,0,0,COMPENSAÇÃO
17785,2024-04-19 13:46:20,30,Desconhecido,48049818,CELESC,3000.0,10,0,0,COMPENSAÇÃO
17784,2024-04-19 13:44:59,30,Desconhecido,48049869,CELESC,6000.0,10,0,0,COMPENSAÇÃO
17783,2024-04-19 13:44:04,30,Desconhecido,48049850,CELESC,6000.0,10,0,0,COMPENSAÇÃO
17782,2024-04-19 13:42:40,30,Desconhecido,47011787,CELESC,12000.0,8,0,0,COMPENSAÇÃO
17781,2024-04-19 13:41:14,30,Desconhecido,47011736,CELESC,4000.0,9,0,0,COMPENSAÇÃO
17780,2024-04-19 13:40:23,30,Desconhecido,48049532,CELESC,2000.0,9,0,0,COMPENSAÇÃO
17779,2024-04-19 13:39:06,30,Desconhecido,47011795,CELESC,10000.0,9,0,0,COMPENSAÇÃO
17778,2024-04-19 13:38:13,30,Desconhecido,47027950,CELESC,3000.0,9,0,0,COMPENSAÇÃO
17777,2024-04-19 13:37:11,30,Desconhecido,48049621,CELESC,6000.0,10,0,0,COMPENSAÇÃO
17776,2024-04-19 13:36:05,30,Desconhecido,48049389,CELESC,5000.0,10,0,0,COMPENSAÇÃO
17775,2024-04-19 13:35:04,30,Desconhecido,48049478,CELESC,20000.0,10,0,0,COMPENSAÇÃO
17774,2024-04-19 13:33:51,30,Desconhecido,48049435,CELESC,3000.0,12,0,0,COMPENSAÇÃO
17773,2024-04-19 13:32:56,30,Desconhecido,48049400,CELESC,5000.0,12,0,0,COMPENSAÇÃO
17772,2024-04-19 13:31:54,30,Desconhecido,47059747,CELESC,4000.0,12,0,0,COMPENSAÇÃO
17771,2024-04-19 13:31:00,30,Desconhecido,47059534,CELESC,3000.0,12,0,0,COMPENSAÇÃO
17770,2024-04-19 13:30:01,30,Desconhecido,48046061,CELESC,4000.0,8,0,0,COMPENSAÇÃO
17769,2024-04-19 13:26:46,30,Desconhecido,48045391,CELESC,30000.0,10,0,0,COMPENSAÇÃO
17768,2024-04-19 13:24:49,30,Desconhecido,47059763,CELESC,57000.0,8,0,0,COMPENSAÇÃO
17767,2024-04-19 13:23:38,30,Desconhecido,47103657,CELESC,5000.0,9,0,0,COMPENSAÇÃO
17766,2024-04-19 13:22:49,30,Desconhecido,48044484,CELESC,15000.0,10,0,0,COMPENSAÇÃO
17765,2024-04-19 13:21:11,30,Desconhecido,48044840,CELESC,7000.0,10,0,0,COMPENSAÇÃO
17764,2024-04-19 13:19:28,657,Desconhecido,47103762,CELESC,3000.0,14,0,0,COMPENSAÇÃO
17763,2024-04-19 13:18:34,30,Desconhecido,47103770,CELESC,12000.0,10,0,0,COMPENSAÇÃO
17762,2024-04-19 13:17:45,30,Desconhecido,47480248,CELESC,7000.0,10,0,0,COMPENSAÇÃO
17761,2024-04-19 13:16:57,30,Desconhecido,47103789,CELESC,12000.0,11,0,0,COMPENSAÇÃO
17760,2024-04-19 13:16:02,30,Desconhecido,48044174,CELESC,12000.0,10,0,0,COMPENSAÇÃO
17759,2024-04-19 13:05:41,30,Desconhecido,47176085,CELESC,8000.0,11,0,0,COMPENSAÇÃO
17758,2024-04-19 13:04:35,30,Desconhecido,47148367,CELESC,3000.0,10,0,0,COMPENSAÇÃO
17757,2024-04-19 13:03:42,30,Desconhecido,47175801,CELESC,4000.0,10,0,0,COMPENSAÇÃO
17756,2024-04-19 12:06:35,30,Desconhecido,46681223,CELESC,5000.0,10,0,0,COMPENSAÇÃO
17755,2024-04-19 12:05:12,661,Desconhecido,47176913,CELESC,7000.0,20,3,0,COMPENSAÇÃO
17754,2024-04-19 12:00:25,30,Desconhecido,47176905,CELESC,10000.0,9,0,0,COMPENSAÇÃO
17753,2024-04-19 11:58:03,30,Desconhecido,47195926,CELESC,4000.0,10,0,0,COMPENSAÇÃO
17752,2024-04-19 11:56:56,30,Desconhecido,46359780,CELESC,4000.0,13,0,0,COMPENSAÇÃO
17751,2024-04-19 11:55:37,30,Desconhecido,47176972,CELESC,6000.0,10,1,0,COMPENSAÇÃO
17750,2024-04-19 11:53:43,418,Desconhecido,47177235,CELESC,3000.0,9,0,0,COMPENSAÇÃO
17749,2024-04-19 11:51:07,454,Desconhecido,47815347,CELESC,10000.0,12,0,0,COMPENSAÇÃO
17748,2024-04-19 11:49:59,418,Desconhecido,47815460,CELESC,8000.0,9,0,0,COMPENSAÇÃO
17747,2024-04-19 11:48:49,418,Desconhecido,47818478,CELESC,12000.0,10,0,0,COMPENSAÇÃO
17746,2024-04-19 11:47:32,418,Desconhecido,47820154,CELESC,6000.0,9,0,0,COMPENSAÇÃO
17745,2024-04-19 11:46:33,440,Desconhecido,47818648,CELESC,20000.0,10,0,0,COMPENSAÇÃO
17744,2024-04-19 11:45:10,392,Desconhecido,47819946,CELESC,3000.0,10,0,0,COMPENSAÇÃO
17743,2024-04-19 11:33:15,404,Desconhecido,46030427,CELESC,3000.0,10,0,0,COMPENSAÇÃO
17742,2024-04-19 11:31:46,402,Desconhecido,47822955,CELESC,10000.0,15,0,0,COMPENSAÇÃO
17741,2024-04-19 11:30:44,412,Desconhecido,48043836,CELESC,22000.0,12,0,0,COMPENSAÇÃO
17740,2024-04-19 11:28:09,472,Desconhecido,48223265,CELESC,5000.0,12,0,0,COMPENSAÇÃO
17739,2024-04-19 11:25:57,402,Desconhecido,48043844,CELESC,6000.0,12,0,0,COMPENSAÇÃO
17738,2024-04-19 11:22:04,30,Desconhecido,45853284,CELESC,10000.0,12,0,0,COMPENSAÇÃO
17737,2024-04-19 11:17:41,440,Desconhecido,48357547,CELESC,12000.0,14,0,0,COMPENSAÇÃO
17736,2024-04-19 11:15:54,406,Desconhecido,48223290,CELESC,10000.0,11,0,0,COMPENSAÇÃO
17735,2024-04-19 11:14:50,30,Desconhecido,48476805,CELESC,5000.0,10,0,0,COMPENSAÇÃO
17734,2024-04-19 11:10:22,30,Desconhecido,45831523,CELESC,30000.0,10,0,0,COMPENSAÇÃO
17733,2024-04-19 11:03:17,445,Desconhecido,48513590,CELESC,6000.0,11,0,0,COMPENSAÇÃO
17732,2024-04-19 11:02:07,609,Desconhecido,48548857,CELESC,2000.0,12,1,0,COMPENSAÇÃO
17731,2024-04-19 11:01:06,30,Desconhecido,49210299,CELESC,12000.0,10,0,0,COMPENSAÇÃO
17730,2024-04-19 10:59:06,30,Desconhecido,45583120,CELESC,2000.0,10,0,0,COMPENSAÇÃO
17729,2024-04-19 10:57:56,30,Desconhecido,45583015,CELESC,10000.0,10,0,0,COMPENSAÇÃO
17728,2024-04-19 10:56:44,363,Desconhecido,44973723,CELESC,20000.0,14,0,0,COMPENSAÇÃO
17727,2024-04-19 10:55:18,412,Desconhecido,44906910,CELESC,5000.0,9,0,0,COMPENSAÇÃO
17726,2024-04-19 10:54:16,30,Desconhecido,44741113,CELESC,13000.0,11,0,0,COMPENSAÇÃO
17725,2024-04-19 10:52:44,417,Desconhecido,44834251,CELESC,11000.0,9,0,0,COMPENSAÇÃO
17724,2024-04-19 10:39:33,30,Desconhecido,200864819,ENEL SP,40000.0,8,0,0,DÚVIDA
17723,2024-04-19 10:36:14,30,Desconhecido,200628747,ENEL SP,15000.0,12,0,0,COMPENSAÇÃO
17722,2024-04-19 10:33:27,30,Desconhecido,200571926,ENEL SP,90000.0,12,0,0,FATURAMENTO
17721,2024-04-19 10:30:09,30,Desconhecido,200575548,ENEL SP,9000.0,8,0,0,COMPENSAÇÃO
17720,2024-04-19 10:28:43,30,Desconhecido,200571959,ENEL SP,30000.0,8,0,0,COMPENSAÇÃO
17719,2024-04-19 10:26:38,30,Desconhecido,200244318,ENEL SP,8000.0,9,0,0,COMPENSAÇÃO
17718,2024-04-19 10:24:03,30,Desconhecido,200430858,ENEL SP,50000.0,12,0,0,COMPENSAÇÃO
17717,2024-04-19 10:22:58,266,Desconhecido,61726257,ENEL SP,9000.0,29,1,0,COMPENSAÇÃO
17716,2024-04-19 10:10:31,30,Desconhecido,200397302,ENEL SP,6000.0,9,0,0,COMPENSAÇÃO
17715,2024-04-19 10:07:48,30,Desconhecido,200392980,ENEL SP,5000.0,5,0,0,COMPENSAÇÃO
17714,2024-04-19 09:45:39,30,Desconhecido,200356941,ENEL SP,70000.0,5,0,0,FATURAMENTO
17713,2024-04-19 09:42:09,30,Desconhecido,200329646,ENEL SP,7000.0,11,0,0,COMPENSAÇÃO
17712,2024-04-18 16:53:39,30,Desconhecido,200261606,ENEL SP,10000.0,5,0,0,COMPENSAÇÃO
17711,2024-04-18 16:40:58,30,Desconhecido,3004690488,CEMIG,2000.0,8,0,0,COMPENSAÇÃO
17710,2024-04-18 14:21:46,30,Desconhecido,3007597674,CEMIG,18000.0,10,0,0,COMPENSAÇÃO
17709,2024-04-18 14:18:35,638,Desconhecido,3007630078,CEMIG,70000.0,17,2,0,COMPENSAÇÃO
17708,2024-04-18 14:16:32,30,Desconhecido,3007631237,CEMIG,20000.0,11,0,0,COMPENSAÇÃO
17707,2024-04-18 14:13:06,608,Desconhecido,3007706358,CEMIG,20000.0,18,2,0,COMPENSAÇÃO
17706,2024-04-18 14:11:35,614,Desconhecido,3010050846,CEMIG,4000.0,25,1,0,COMPENSAÇÃO
17705,2024-04-18 14:09:33,648,Desconhecido,3010123672,CEMIG,6000.0,22,1,0,COMPENSAÇÃO
17704,2024-04-18 14:08:13,30,Desconhecido,3010132598,CEMIG,120000.0,13,0,0,LEITURA
17703,2024-04-18 14:05:38,634,Desconhecido,3010132611,CEMIG,30000.0,22,2,0,COMPENSAÇÃO
17702,2024-04-18 14:01:59,259,Desconhecido,3010138125,CEMIG,50000.0,21,1,0,COMPENSAÇÃO
17701,2024-04-18 14:00:33,636,Desconhecido,3010138184,CEMIG,55000.0,21,2,0,COMPENSAÇÃO
17700,2024-04-18 13:58:56,30,Desconhecido,3010168516,CEMIG,20000.0,9,0,0,COMPENSAÇÃO
17699,2024-04-18 13:57:43,280,Desconhecido,3010228176,CEMIG,100000.0,45,0,0,COMPENSAÇÃO
17698,2024-04-18 13:55:30,614,Desconhecido,3010230407,CEMIG,30000.0,16,0,0,COMPENSAÇÃO
17697,2024-04-18 13:52:33,30,Desconhecido,3010610718,CEMIG,30000.0,10,0,0,COMPENSAÇÃO
17696,2024-04-18 13:48:42,30,Desconhecido,3010610982,CEMIG,6000.0,12,0,0,COMPENSAÇÃO
17695,2024-04-18 13:47:40,30,Desconhecido,3006235899,CEMIG,10000.0,13,0,0,COMPENSAÇÃO
17694,2024-04-18 13:45:41,30,Desconhecido,3004409403,CEMIG,15000.0,8,0,0,COMPENSAÇÃO
17693,2024-04-18 13:42:28,30,Desconhecido,3006216975,CEMIG,160000.0,11,0,0,COMPENSAÇÃO
17692,2024-04-18 13:40:28,30,Desconhecido,3011457785,CEMIG,12000.0,8,0,0,COMPENSAÇÃO
17691,2024-04-18 13:39:34,30,Desconhecido,3011493958,CEMIG,6000.0,8,0,0,COMPENSAÇÃO
17690,2024-04-18 13:38:32,30,Desconhecido,3011640174,CEMIG,8000.0,19,1,0,COMPENSAÇÃO
17689,2024-04-18 13:37:25,649,Desconhecido,3011766042,CEMIG,12000.0,23,0,0,COMPENSAÇÃO
17688,2024-04-18 13:36:26,30,Desconhecido,3003982979,CEMIG,10000.0,9,0,0,COMPENSAÇÃO
17687,2024-04-18 13:35:09,268,Desconhecido,3011912795,CEMIG,40000.0,50,0,0,COMPENSAÇÃO
17686,2024-04-18 13:34:13,673,Desconhecido,3005707990,CEMIG,20000.0,15,1,0,COMPENSAÇÃO
17685,2024-04-18 13:33:05,30,Desconhecido,3003299164,CEMIG,15000.0,10,0,0,COMPENSAÇÃO
17684,2024-04-18 13:28:08,30,Desconhecido,3005169830,CEMIG,15000.0,10,0,0,COMPENSAÇÃO
17683,2024-04-18 13:26:21,30,Desconhecido,3003293081,CEMIG,40000.0,8,0,0,COMPENSAÇÃO
17682,2024-04-18 13:24:40,30,Desconhecido,3003290999,CEMIG,80000.0,9,1,0,COMPENSAÇÃO
17681,2024-04-18 13:23:00,30,Desconhecido,3005707810,CEMIG,20000.0,9,0,0,COMPENSAÇÃO
17680,2024-04-18 13:21:37,280,Desconhecido,3011913707,CEMIG,2000.0,28,0,0,LEITURA
17679,2024-04-18 13:19:39,30,Desconhecido,3011958071,CEMIG,8000.0,13,0,0,COMPENSAÇÃO
17678,2024-04-18 13:18:09,663,Desconhecido,3011982659,CEMIG,5000.0,20,2,0,COMPENSAÇÃO
17677,2024-04-18 13:16:45,30,Desconhecido,3012048933,CEMIG,10000.0,12,1,0,COMPENSAÇÃO
17676,2024-04-18 13:15:14,425,Desconhecido,3012056990,CEMIG,30000.0,27,2,0,COMPENSAÇÃO
17675,2024-04-18 13:13:20,665,Desconhecido,3012068635,CEMIG,10000.0,20,3,0,COMPENSAÇÃO
17674,2024-04-18 13:12:02,642,Desconhecido,3012068903,CEMIG,3000.0,16,1,0,COMPENSAÇÃO
17673,2024-04-18 13:09:57,642,Desconhecido,3012069366,CEMIG,5000.0,32,1,0,COMPENSAÇÃO
17672,2024-04-18 13:08:20,30,Desconhecido,3012070714,CEMIG,20000.0,11,0,0,COMPENSAÇÃO
17671,2024-04-18 13:04:48,421,Desconhecido,3012078020,CEMIG,3000.0,14,0,0,COMPENSAÇÃO
17670,2024-04-18 13:02:59,30,Desconhecido,3006964184,CEMIG,25000.0,14,0,0,COMPENSAÇÃO
17669,2024-04-18 13:00:33,30,Desconhecido,3007053067,CEMIG,15000.0,9,0,0,COMPENSAÇÃO
17668,2024-04-18 12:59:37,272,Desconhecido,3012090584,CEMIG,5000.0,12,0,0,COMPENSAÇÃO
18143,2024-04-18 12:58:32,30,Desconhecido,3012140049,CEMIG,7000.0,8,0,0,COMPENSAÇÃO
17666,2024-04-18 12:47:49,30,Desconhecido,46454740,CELESC,100000.0,7,0,0,LEITURA
16525,2024-04-18 12:46:52,30,Desconhecido,46750551,CELESC,70000.0,9,0,0,LEITURA
17664,2024-04-18 12:45:56,526,Desconhecido,44406756,CELESC,300000.0,20,0,0,COMPENSAÇÃO
17663,2024-04-18 12:44:25,30,Desconhecido,48378528,CELESC,15000.0,7,0,0,LEITURA
17662,2024-04-18 12:43:14,30,Desconhecido,48378595,CELESC,3000.0,7,0,0,LEITURA
17661,2024-04-18 12:42:30,30,Desconhecido,48378641,CELESC,5000.0,6,0,0,LEITURA
17660,2024-04-18 12:41:09,30,Desconhecido,44313146,CELESC,5000.0,6,0,0,LEITURA
17659,2024-04-18 12:35:10,30,Desconhecido,46086635,CELESC,10000.0,7,0,0,LEITURA
17658,2024-04-18 12:34:15,30,Desconhecido,44187167,CELESC,20000.0,7,0,0,LEITURA
17657,2024-04-18 12:33:22,30,Desconhecido,44103478,CELESC,10000.0,7,0,0,LEITURA
17656,2024-04-18 12:29:47,30,Desconhecido,20768002,CELESC,50000.0,7,0,0,LEITURA
17655,2024-04-18 12:29:06,30,Desconhecido,20748605,CELESC,35000.0,7,0,0,LEITURA
17654,2024-04-18 12:28:09,30,Desconhecido,44103419,CELESC,25000.0,7,0,0,LEITURA
17653,2024-04-18 12:27:06,30,Desconhecido,48384129,CELESC,5000.0,7,0,0,COMPENSAÇÃO
17652,2024-04-18 12:26:16,30,Desconhecido,48393454,CELESC,15000.0,7,0,0,COMPENSAÇÃO
17651,2024-04-18 12:25:13,30,Desconhecido,43889150,CELESC,5000.0,7,0,0,COMPENSAÇÃO
17650,2024-04-18 12:24:11,30,Desconhecido,48394701,CELESC,9000.0,7,0,0,COMPENSAÇÃO
17649,2024-04-18 12:22:47,30,Desconhecido,46086546,CELESC,9000.0,7,0,0,COMPENSAÇÃO
17648,2024-04-18 12:20:51,30,Desconhecido,48394981,CELESC,10000.0,7,0,0,LEITURA
17647,2024-04-18 12:20:06,30,Desconhecido,48403360,CELESC,10000.0,7,0,0,LEITURA
17646,2024-04-18 12:18:56,30,Desconhecido,43264966,CELESC,15000.0,7,0,0,LEITURA
17645,2024-04-18 12:18:01,30,Desconhecido,48418651,CELESC,80000.0,7,0,0,COMPENSAÇÃO
17644,2024-04-18 10:51:22,30,Desconhecido,48479715,CELESC,200000.0,7,0,0,LEITURA
17643,2024-04-18 10:50:13,30,Desconhecido,48533558,CELESC,10000.0,7,0,0,COMPENSAÇÃO
17642,2024-04-18 10:48:37,30,Desconhecido,42792608,CELESC,20000.0,7,0,0,LEITURA
17641,2024-04-18 10:46:05,30,Desconhecido,42779512,CELESC,40000.0,7,0,0,COMPENSAÇÃO
17640,2024-04-18 10:44:59,30,Desconhecido,45401405,CELESC,10000.0,7,0,0,COMPENSAÇÃO
17639,2024-04-18 10:44:13,30,Desconhecido,45401375,CELESC,15000.0,8,0,0,LEITURA
17638,2024-04-18 10:43:14,30,Desconhecido,48571956,CELESC,50000.0,7,0,0,COMPENSAÇÃO
17637,2024-04-18 10:41:00,30,Desconhecido,45373916,CELESC,10000.0,8,0,0,LEITURA
17636,2024-04-18 10:40:03,30,Desconhecido,45328767,CELESC,15000.0,8,0,0,COMPENSAÇÃO
17635,2024-04-18 10:37:32,30,Desconhecido,45328619,CELESC,5000.0,8,0,0,LEITURA
17634,2024-04-18 10:36:33,30,Desconhecido,45328511,CELESC,10000.0,8,0,0,LEITURA
17633,2024-04-18 10:35:12,30,Desconhecido,40167021,CELESC,5000.0,7,0,0,LEITURA
17632,2024-04-18 10:32:50,30,Desconhecido,40166866,CELESC,10000.0,7,0,0,LEITURA
17631,2024-04-18 10:31:50,30,Desconhecido,30836618,CELESC,30000.0,7,0,0,COMPENSAÇÃO
17630,2024-04-18 10:30:37,30,Desconhecido,21152684,CELESC,10000.0,7,0,0,COMPENSAÇÃO
17629,2024-04-18 10:29:23,30,Desconhecido,21152633,CELESC,7000.0,8,0,0,LEITURA
17628,2024-04-18 10:24:33,30,Desconhecido,20775920,CELESC,5000.0,7,0,0,COMPENSAÇÃO
17627,2024-04-18 10:22:37,30,Desconhecido,20775726,CELESC,20000.0,8,0,0,LEITURA
17626,2024-04-18 10:21:38,30,Desconhecido,20775670,CELESC,10000.0,8,0,0,COMPENSAÇÃO
17625,2024-04-18 10:20:04,30,Desconhecido,20775548,CELESC,20000.0,8,0,0,COMPENSAÇÃO
17624,2024-04-18 10:18:51,30,Desconhecido,20673800,CELESC,15000.0,8,0,0,LEITURA
17623,2024-04-18 10:17:52,30,Desconhecido,40054863,CELESC,7000.0,8,0,0,LEITURA
17622,2024-04-18 10:16:38,30,Desconhecido,20673656,CELESC,20000.0,8,0,0,LEITURA
17621,2024-04-18 10:10:07,30,Desconhecido,20673427,CELESC,5000.0,8,0,0,LEITURA
17620,2024-04-18 10:09:10,30,Desconhecido,20504420,CELESC,25000.0,8,0,0,LEITURA
17619,2024-04-18 10:05:39,30,Desconhecido,30534000,CELESC,15000.0,8,0,0,COMPENSAÇÃO
17618,2024-04-18 10:03:37,30,Desconhecido,20504404,CELESC,15000.0,9,0,0,LEITURA
17617,2024-04-18 10:02:25,30,Desconhecido,20497645,CELESC,15000.0,10,0,0,LEITURA
17616,2024-04-18 10:00:39,30,Desconhecido,20497637,CELESC,20000.0,9,0,0,COMPENSAÇÃO
17615,2024-04-18 09:59:05,30,Desconhecido,20497629,CELESC,20000.0,8,0,0,LEITURA
17614,2024-04-18 09:57:27,30,Desconhecido,19778193,CELESC,10000.0,7,0,0,LEITURA
17613,2024-04-18 09:56:33,30,Desconhecido,19778134,CELESC,20000.0,8,0,0,LEITURA
17612,2024-04-18 09:55:45,30,Desconhecido,19187624,CELESC,10000.0,8,0,0,LEITURA
17611,2024-04-18 09:50:09,30,Desconhecido,23100827,CELESC,20000.0,8,0,0,LEITURA
17610,2024-04-18 09:48:31,30,Desconhecido,19187578,CELESC,35000.0,8,0,0,COMPENSAÇÃO
17609,2024-04-18 09:43:36,30,Desconhecido,23100770,CELESC,30000.0,8,0,0,COMPENSAÇÃO
17608,2024-04-18 09:41:57,30,Desconhecido,22980963,CELESC,15000.0,9,0,0,COMPENSAÇÃO
17607,2024-04-18 09:33:55,30,Desconhecido,21657190,CELESC,25000.0,9,0,0,LEITURA
17606,2024-04-18 09:32:46,30,Desconhecido,21650110,CELESC,15000.0,9,0,0,LEITURA
17605,2024-04-18 09:31:44,30,Desconhecido,20748516,CELESC,15000.0,9,0,0,LEITURA
17604,2024-04-18 09:30:19,30,Desconhecido,21594440,CELESC,40000.0,10,0,0,LEITURA
17603,2024-04-18 09:28:40,30,Desconhecido,21594393,CELESC,20000.0,9,0,0,LEITURA
17602,2024-04-18 09:25:45,30,Desconhecido,20748400,CELESC,60000.0,9,0,0,LEITURA
17601,2024-04-18 09:23:14,30,Desconhecido,21594300,CELESC,15000.0,9,0,0,COMPENSAÇÃO
17600,2024-04-18 09:20:17,30,Desconhecido,20683120,CELESC,15000.0,9,0,0,LEITURA
17599,2024-04-18 09:18:57,30,Desconhecido,21594296,CELESC,40000.0,9,0,0,LEITURA
17598,2024-04-17 16:32:48,30,Desconhecido,20679816,CELESC,50000.0,8,0,0,LEITURA
17597,2024-04-17 16:30:47,30,Desconhecido,21593850,CELESC,25000.0,9,0,0,COMPENSAÇÃO
17596,2024-04-17 16:29:53,30,Desconhecido,21593729,CELESC,20000.0,9,0,0,COMPENSAÇÃO
17595,2024-04-17 16:26:18,30,Desconhecido,21575658,CELESC,5000.0,9,0,0,LEITURA
17594,2024-04-17 16:24:46,30,Desconhecido,21575542,CELESC,6000.0,7,0,0,COMPENSAÇÃO
17593,2024-04-17 16:23:09,30,Desconhecido,21575470,CELESC,10000.0,8,0,0,COMPENSAÇÃO
17592,2024-04-17 16:22:20,30,Desconhecido,21420077,CELESC,15000.0,8,0,0,LEITURA
17591,2024-04-17 16:20:46,30,Desconhecido,21419966,CELESC,40000.0,8,0,0,COMPENSAÇÃO
17590,2024-04-17 16:19:16,30,Desconhecido,21242322,CELESC,50000.0,8,0,0,COMPENSAÇÃO
17589,2024-04-17 16:18:11,30,Desconhecido,21242268,CELESC,20000.0,8,0,0,COMPENSAÇÃO
17588,2024-04-17 16:16:12,30,Desconhecido,21234532,CELESC,8000.0,8,0,0,LEITURA
17587,2024-04-17 16:15:18,30,Desconhecido,21232424,CELESC,10000.0,8,0,0,LEITURA
17586,2024-04-17 16:14:01,30,Desconhecido,21232360,CELESC,8000.0,8,0,0,LEITURA
17585,2024-04-17 16:08:24,30,Desconhecido,21231720,CELESC,150000.0,8,0,0,LEITURA
17584,2024-04-17 16:07:06,30,Desconhecido,21198617,CELESC,70000.0,8,0,0,COMPENSAÇÃO
17583,2024-04-17 16:05:11,30,Desconhecido,21131920,CELESC,4000.0,8,0,0,LEITURA
17582,2024-04-17 16:04:18,30,Desconhecido,21078840,CELESC,40000.0,8,0,0,COMPENSAÇÃO
17581,2024-04-17 16:02:41,30,Desconhecido,21078824,CELESC,4000.0,8,0,0,COMPENSAÇÃO
17580,2024-04-17 15:51:00,30,Desconhecido,20964820,CELESC,60000.0,8,0,0,LEITURA
17579,2024-04-17 15:50:02,30,Desconhecido,20964812,CELESC,60000.0,8,0,0,COMPENSAÇÃO
17578,2024-04-17 15:33:27,30,Desconhecido,20934565,CELESC,150000.0,8,0,0,FATURAMENTO
17577,2024-04-17 15:32:14,30,Desconhecido,20679581,CELESC,30000.0,8,0,0,LEITURA
17576,2024-04-17 15:30:09,30,Desconhecido,20642130,CELESC,20000.0,8,0,0,COMPENSAÇÃO
17575,2024-04-17 15:17:25,30,Desconhecido,20642076,CELESC,100000.0,10,0,0,COMPENSAÇÃO
17574,2024-04-17 15:16:20,30,Desconhecido,20641975,CELESC,40000.0,9,0,0,LEITURA
17573,2024-04-17 15:14:55,30,Desconhecido,20641894,CELESC,40000.0,9,0,0,COMPENSAÇÃO
17572,2024-04-17 15:12:50,30,Desconhecido,20587601,CELESC,5000.0,9,0,0,LEITURA
17571,2024-04-17 15:11:45,30,Desconhecido,20568313,CELESC,8000.0,10,0,0,LEITURA
17570,2024-04-17 15:09:13,30,Desconhecido,20925930,CELESC,5000.0,10,0,0,LEITURA
17569,2024-04-17 15:08:18,30,Desconhecido,20918950,CELESC,140000.0,8,0,0,LEITURA
17568,2024-04-17 15:06:53,30,Desconhecido,20555246,CELESC,6000.0,8,0,0,COMPENSAÇÃO
17567,2024-04-17 15:05:53,30,Desconhecido,20555165,CELESC,10000.0,8,0,0,LEITURA
17566,2024-04-17 15:04:55,30,Desconhecido,20508159,CELESC,75000.0,9,0,0,COMPENSAÇÃO
17565,2024-04-17 15:02:51,30,Desconhecido,20507900,CELESC,30000.0,8,0,0,LEITURA
17564,2024-04-17 15:01:47,30,Desconhecido,20437162,CELESC,10000.0,7,0,0,LEITURA
17563,2024-04-17 15:00:54,30,Desconhecido,20263474,CELESC,40000.0,8,0,0,COMPENSAÇÃO
17557,2024-04-17 14:59:45,30,Desconhecido,20067411,CELESC,8000.0,8,0,0,LEITURA
17562,2024-04-17 14:58:22,30,Desconhecido,20065095,CELESC,10000.0,8,0,0,COMPENSAÇÃO
17561,2024-04-17 14:57:22,30,Desconhecido,20065010,CELESC,30000.0,7,0,0,COMPENSAÇÃO
17560,2024-04-17 14:56:00,30,Desconhecido,20064986,CELESC,40000.0,7,0,0,COMPENSAÇÃO
17559,2024-04-17 14:54:51,30,Desconhecido,20064927,CELESC,30000.0,9,0,0,LEITURA
17558,2024-04-17 14:53:21,30,Desconhecido,27879853,CELESC,20000.0,9,0,0,LEITURA
17556,2024-04-17 14:52:34,691,Desconhecido,42690538,CELESC,20000.0,13,0,0,COMPENSAÇÃO
17555,2024-04-17 14:51:19,30,Desconhecido,29091684,CELESC,40000.0,7,0,0,COMPENSAÇÃO
17554,2024-04-17 14:50:29,30,Desconhecido,29094713,CELESC,50000.0,9,0,0,LEITURA
17553,2024-04-17 14:48:46,30,Desconhecido,41561491,CELESC,40000.0,9,0,0,LEITURA
17552,2024-04-17 14:47:39,30,Desconhecido,30614658,CELESC,13000.0,10,0,0,LEITURA
17551,2024-04-17 14:46:43,30,Desconhecido,27908039,CELESC,35000.0,9,0,0,COMPENSAÇÃO
17550,2024-04-17 14:45:42,30,Desconhecido,27685773,CELESC,90000.0,8,0,0,COMPENSAÇÃO
17549,2024-04-17 14:43:20,30,Desconhecido,27767222,CELESC,120000.0,8,0,0,COMPENSAÇÃO
17548,2024-04-17 14:41:42,30,Desconhecido,27939473,CELESC,40000.0,9,0,0,COMPENSAÇÃO
17547,2024-04-17 14:40:44,30,Desconhecido,27809944,CELESC,150000.0,9,0,0,LEITURA
17546,2024-04-17 14:39:07,30,Desconhecido,29520658,CELESC,10000.0,7,0,0,COMPENSAÇÃO
17545,2024-04-17 14:39:05,412,Desconhecido,16530110,EQUATORIAL PI,0.0,65,0,0,SCEE
17544,2024-04-17 14:38:11,30,Desconhecido,27700136,CELESC,13000.0,7,0,0,LEITURA
17543,2024-04-17 14:37:23,30,Desconhecido,28979975,CELESC,15000.0,9,0,0,COMPENSAÇÃO
17542,2024-04-17 14:36:22,30,Desconhecido,24114775,CELESC,30000.0,9,0,0,COMPENSAÇÃO
17541,2024-04-17 14:27:05,30,Desconhecido,23018607,AMAZONAS,200000.0,9,0,0,CONSUMO
17540,2024-04-17 14:25:14,30,Desconhecido,22629750,AMAZONAS,20000.0,8,0,0,COMPENSAÇÃO
17539,2024-04-17 14:24:21,30,Desconhecido,22912878,AMAZONAS,40000.0,8,0,0,COMPENSAÇÃO
17538,2024-04-17 14:23:04,588,Desconhecido,22797882,AMAZONAS,70000.0,7,0,0,LEITURA
17537,2024-04-17 14:21:47,30,Desconhecido,22751386,AMAZONAS,30000.0,8,0,0,COMPENSAÇÃO
17536,2024-04-17 14:20:30,245,Desconhecido,22460632,AMAZONAS,40000.0,18,1,0,COMPENSAÇÃO
17535,2024-04-17 14:19:18,30,Desconhecido,21644772,AMAZONAS,40000.0,8,0,0,COMPENSAÇÃO
17534,2024-04-17 14:18:02,30,Desconhecido,9216430,AMAZONAS,60000.0,8,0,0,COMPENSAÇÃO
17533,2024-04-17 14:16:16,30,Desconhecido,21760217,AMAZONAS,10000.0,9,0,0,COMPENSAÇÃO
17532,2024-04-17 14:15:13,30,Desconhecido,5930839,AMAZONAS,10000.0,10,0,0,COMPENSAÇÃO
17531,2024-04-17 14:13:48,30,Desconhecido,21600635,AMAZONAS,30000.0,15,1,0,COMPENSAÇÃO
17530,2024-04-17 14:12:26,30,Desconhecido,21703906,AMAZONAS,30000.0,9,0,0,COMPENSAÇÃO
17529,2024-04-17 14:11:02,30,Desconhecido,21391190,AMAZONAS,10000.0,9,0,0,COMPENSAÇÃO
17528,2024-04-17 14:10:08,30,Desconhecido,21101507,AMAZONAS,50000.0,9,0,0,COMPENSAÇÃO
17527,2024-04-17 14:08:54,30,Desconhecido,21239444,AMAZONAS,10000.0,8,0,0,COMPENSAÇÃO
17526,2024-04-17 14:07:54,30,Desconhecido,8761302,AMAZONAS,30000.0,9,0,0,COMPENSAÇÃO
17525,2024-04-17 14:06:33,30,Desconhecido,8489637,AMAZONAS,300000.0,12,0,0,LEITURA
17524,2024-04-17 14:04:30,30,Desconhecido,7476973,AMAZONAS,30000.0,8,0,0,COMPENSAÇÃO
17523,2024-04-17 14:03:08,30,Desconhecido,7739737,AMAZONAS,150000.0,14,0,0,COMPENSAÇÃO
17522,2024-04-17 14:01:24,30,Desconhecido,20942125,AMAZONAS,30000.0,10,0,0,COMPENSAÇÃO
17521,2024-04-17 14:00:30,30,Desconhecido,6538819,AMAZONAS,400000.0,20,0,0,DÚVIDA
17520,2024-04-17 13:57:53,30,Desconhecido,8956839,AMAZONAS,200000.0,8,0,0,COMPENSAÇÃO
17519,2024-04-17 13:56:17,30,Desconhecido,6368735,AMAZONAS,150000.0,8,0,0,COMPENSAÇÃO
17518,2024-04-17 13:53:20,30,Desconhecido,6366805,AMAZONAS,20000.0,8,0,0,COMPENSAÇÃO
17517,2024-04-17 13:52:13,30,Desconhecido,6366341,AMAZONAS,100000.0,9,0,0,COMPENSAÇÃO
17516,2024-04-17 13:49:56,30,Desconhecido,6362451,AMAZONAS,40000.0,9,0,0,LEITURA
17515,2024-04-17 13:48:06,245,Desconhecido,6408052,AMAZONAS,100000.0,21,1,0,LEITURA
17514,2024-04-17 13:46:26,30,Desconhecido,6410693,AMAZONAS,200000.0,8,0,0,LEITURA
17513,2024-04-17 13:43:15,30,Desconhecido,7266960,AMAZONAS,12000.0,9,0,0,LEITURA
17512,2024-04-17 13:41:53,30,Desconhecido,20489390,AMAZONAS,24000.0,10,0,0,COMPENSAÇÃO
17511,2024-04-17 08:47:28,-318,Desconhecido,917133,EQUATORIAL PI,0.0,52,0,0,COMPENSAÇÃO
17510,2024-04-08 00:00:00,30,Desconhecido,7028697842,ENERGISA MS,19500.0,22,0,0,LEITURA
17505,2024-03-26 00:00:00,30,Desconhecido,35711850,CPFL PAULISTA,0.0,7,0,0,DÚVIDA
17506,2024-03-26 00:00:00,30,Desconhecido,34361987,CPFL PAULISTA,0.0,7,0,0,DÚVIDA
17507,2024-03-26 00:00:00,30,Desconhecido,41741269,CPFL PAULISTA,0.0,5,0,0,DÚVIDA
17508,2024-03-26 00:00:00,30,Desconhecido,4001028265,CPFL PAULISTA,0.0,5,0,0,DÚVIDA
17509,2024-03-26 00:00:00,30,Desconhecido,4000922059,CPFL PIRATININGA,0.0,6,0,0,DÚVIDA
17498,2024-03-25 00:00:00,30,Desconhecido,24150623,CELESC,550.0,9,0,0,LEITURA
17499,2024-03-25 00:00:00,30,Desconhecido,1228503,RGE,250.0,5,0,0,LEITURA
17500,2024-03-25 00:00:00,30,Desconhecido,25206282,CELESC,180.0,9,0,0,LEITURA
17501,2024-03-25 00:00:00,30,Desconhecido,1460291,NEOENERGIA PE (CELPE),15.0,8,0,0,LEITURA
17502,2024-03-25 00:00:00,30,Desconhecido,3082464334,RGE,15.0,5,0,0,LEITURA
17503,2024-03-25 00:00:00,30,Desconhecido,3869319,NEOENERGIA PE (CELPE),25.0,8,0,0,LEITURA
17504,2024-03-25 00:00:00,30,Desconhecido,3095074332,RGE,2.0,5,0,0,LEITURA
17487,2024-03-22 00:00:00,30,Desconhecido,2036271973,CPFL PIRATININGA,0.0,9,0,0,SERVIÇO
17488,2024-03-22 00:00:00,30,Desconhecido,619664,NEOENERGIA BA (COELBA),800.0,10,0,0,LEITURA
17489,2024-03-22 00:00:00,30,Desconhecido,1005114,NEOENERGIA BA (COELBA),750.0,11,0,0,LEITURA
17490,2024-03-22 00:00:00,30,Desconhecido,400137154,LIGHT,750.0,11,0,0,LEITURA
17491,2024-03-22 00:00:00,30,Desconhecido,6139582,NEOENERGIA BA (COELBA),450.0,11,0,0,LEITURA
17492,2024-03-22 00:00:00,30,Desconhecido,4996463,NEOENERGIA BA (COELBA),320.0,89,0,0,LEITURA
17493,2024-03-22 00:00:00,30,Desconhecido,5634191,NEOENERGIA BA (COELBA),200.0,10,0,0,LEITURA
17494,2024-03-22 00:00:00,30,Desconhecido,770783,NEOENERGIA BA (COELBA),50.0,12,0,0,LEITURA
17495,2024-03-22 00:00:00,30,Desconhecido,400162353,LIGHT,10.0,10,0,0,LEITURA
17496,2024-03-22 00:00:00,30,Desconhecido,642302,NEOENERGIA BA (COELBA),1.0,10,0,0,LEITURA
17497,2024-03-22 00:00:00,30,Desconhecido,3380888,NEOENERGIA BA (COELBA),1.0,12,0,0,LEITURA
17457,2024-03-21 00:00:00,30,Desconhecido,4187636,EQUATORIAL PI,10000.0,11,0,0,LEITURA
17458,2024-03-21 00:00:00,30,Desconhecido,1139113,ENERGISA MR (ENERGISA MG),2800.0,6,0,0,LEITURA
17459,2024-03-21 00:00:00,30,Desconhecido,15657863,EQUATORIAL GO (ENEL GOIAS),2500.0,14,0,0,LEITURA
17460,2024-03-21 00:00:00,30,Desconhecido,20676918,EQUATORIAL GO (ENEL GOIAS),1350.0,13,0,0,LEITURA
17461,2024-03-21 00:00:00,30,Desconhecido,1510006014,EQUATORIAL GO (ENEL GOIAS),1200.0,12,0,0,LEITURA
17462,2024-03-21 00:00:00,30,Desconhecido,13899085,ENERGISA MR (ENERGISA MG),1000.0,6,0,0,LEITURA
17463,2024-03-21 00:00:00,30,Desconhecido,7401655,EQUATORIAL MAR,850.0,6,0,0,LEITURA
17464,2024-03-21 00:00:00,30,Desconhecido,2000448613,EQUATORIAL PA,650.0,10,0,0,LEITURA
17465,2024-03-21 00:00:00,30,Desconhecido,2729091,EQUATORIAL PI,450.0,10,0,0,LEITURA
17466,2024-03-21 00:00:00,30,Desconhecido,20356791,EQUATORIAL GO (ENEL GOIAS),350.0,14,0,0,LEITURA
17467,2024-03-21 00:00:00,30,Desconhecido,2460092460,EQUATORIAL GO (ENEL GOIAS),350.0,12,0,0,LEITURA
17468,2024-03-21 00:00:00,30,Desconhecido,170005264,EQUATORIAL GO (ENEL GOIAS),200.0,12,0,0,LEITURA
17469,2024-03-21 00:00:00,30,Desconhecido,2960184252,EQUATORIAL GO (ENEL GOIAS),200.0,12,0,0,LEITURA
17470,2024-03-21 00:00:00,30,Desconhecido,37784463,EQUATORIAL RS (CEEE),150.0,8,0,0,LEITURA
17471,2024-03-21 00:00:00,30,Desconhecido,11292051,ENERGISA MR (ENERGISA MG),150.0,6,0,0,LEITURA
17472,2024-03-21 00:00:00,30,Desconhecido,37018892,EQUATORIAL RS (CEEE),120.0,8,0,0,LEITURA
17473,2024-03-21 00:00:00,30,Desconhecido,30021327,EQUATORIAL GO (ENEL GOIAS),70.0,13,0,0,LEITURA
17474,2024-03-21 00:00:00,30,Desconhecido,204796,ENERGISA RO,70.0,7,0,0,LEITURA
17475,2024-03-21 00:00:00,30,Desconhecido,21709,EQUATORIAL PA,60.0,10,0,0,LEITURA
17476,2024-03-21 00:00:00,30,Desconhecido,4830298183,EQUATORIAL GO (ENEL GOIAS),50.0,13,0,0,LEITURA
17477,2024-03-21 00:00:00,30,Desconhecido,6963897,EQUATORIAL MAR,50.0,6,0,0,LEITURA
17478,2024-03-21 00:00:00,30,Desconhecido,1567969,EQUATORIAL MAR,30.0,6,0,0,LEITURA
17479,2024-03-21 00:00:00,30,Desconhecido,6244262,EQUATORIAL PA,25.0,9,0,0,LEITURA
17480,2024-03-21 00:00:00,30,Desconhecido,202671691,ENERGISA RO,25.0,7,0,0,LEITURA
17481,2024-03-21 00:00:00,30,Desconhecido,31820489,ENERGISA SE,25.0,7,0,0,LEITURA
17482,2024-03-21 00:00:00,30,Desconhecido,4673840,EQUATORIAL PA,20.0,9,0,0,LEITURA
17483,2024-03-21 00:00:00,30,Desconhecido,9178520,EQUATORIAL PA,20.0,9,0,0,LEITURA
17484,2024-03-21 00:00:00,30,Desconhecido,20673528,EQUATORIAL GO (ENEL GOIAS),5.0,11,0,0,LEITURA
17485,2024-03-21 00:00:00,30,Desconhecido,24813,EQUATORIAL PA,5.0,6,0,0,LEITURA
17486,2024-03-21 00:00:00,30,Desconhecido,2210144377,EQUATORIAL GO (ENEL GOIAS),4.0,11,0,0,LEITURA
17456,2024-03-19 00:00:00,30,Desconhecido,6366376,AMAZONAS,5000.0,11,0,0,FATURAMENTO
17447,2024-03-18 00:00:00,30,Desconhecido,107883899,COPEL,2600.0,14,0,0,LEITURA
17448,2024-03-18 00:00:00,30,Desconhecido,107884917,COPEL,1500.0,7,0,0,LEITURA
17449,2024-03-18 00:00:00,30,Desconhecido,107884810,COPEL,1300.0,7,0,0,LEITURA
17450,2024-03-18 00:00:00,30,Desconhecido,107886430,COPEL,900.0,7,0,0,LEITURA
17451,2024-03-18 00:00:00,30,Desconhecido,107886472,COPEL,700.0,7,0,0,LEITURA
17452,2024-03-18 00:00:00,30,Desconhecido,75025019,COPEL,300.0,7,0,0,LEITURA
17453,2024-03-18 00:00:00,30,Desconhecido,107884186,COPEL,300.0,7,0,0,LEITURA
17454,2024-03-18 00:00:00,30,Desconhecido,107884542,COPEL,150.0,7,0,0,LEITURA
17455,2024-03-18 00:00:00,30,Desconhecido,107884879,COPEL,80.0,7,0,0,LEITURA
